CRT_sum,Estimate,NFC,NFC_Ra,NFC_Re,CRTEst_Calibration,Group,Group2,CRT_split,CRT_third,CRT_Four,Estimate_split,Calibration_split,NFC_split,CRT_POMP,Estimate_POMP,CRTNFC_Calibration,ZCRT_sum,ZEstimate,ZCalibration,ZNFC,ZNFC_Ra,ZNFC_Re,CRTxEstimate,CRT_Toplak,CRT_Thomson,ZCRT_Toplak,ZCRT_Thomson,CRT_ToplakxEstimate,Age,Sex,English,Random,StartDate,EndDate,Finished,confirmCode,CRTInst,CRT2_1,CRT2_2,CRT2_3,CRT2_4,CRT3_1,CRT3_2,CRT3_3,CRT3_4,RI_Inst,RI_1,RI_2,RI_3,RI_4,RI_5,RI_6,RI_7,RI_8,RI_9,RI_10,RI_11,RI_12,RI_13,RI_14,RI_15,RI_16,RI_17,RI_18,RI_19,RI_20,Length,Comments,CRT_ACC_1,CRT_ACC_2,CRT_ACC_3,CRT_ACC_4,CRT_ACC_5,CRT_ACC_6,CRT_ACC_7,CRT_ACC_8,RIb_1,RIb_2,RIb_3,RIb_4,RIb_5,RIb_6,RIb_7,RIb_8,RIb_9,RIb_10,RIb_11,RIb_12,RIb_13,RIb_14,RIb_15,RIb_16,RIb_17,RIb_18,RIb_19,RIb_20,P.RI_1,P.RI_3,P.RI_5,P.RI_6,P.RI_7,P.RI_10,P.RI_11,P.RI_15,P.RI_18,P.RI_20,P.RI_2,P.RI_4,P.RI_8,P.RI_9,P.RI_12,P.RI_13,P.RI_14,P.RI_16,P.RI_17,P.RI_19
1,1,100,100,100,0,1,1,1,1,1,1,2,2,12.5,12.5,-87.5,-1.3178985054771,-2.98730505794521,.864033286669664,1.73768535881503,1.75659381116752,1.41590875376719,3.93696487127017,0,1,-1.24652924272641,-.965557580273626,3.72376311167321,33,2,1,2,5/17/2016,5/17/2016,1,603706,1,3,30,0,2,1,8,1,9,1,1,1,5,1,1,5,1,1,1,5,1,1,5,5,5,5,5,1,5,5,5 minutes,no comments thanks for asking though ;),0,0,0,0,0,1,0,0,5,5,5,5,5,5,5,5,5,5,5,5,5,5,5,5,5,5,5,5,100,100,100,100,100,100,100,100,100,100,100,100,100,100,100,100,100,100,100,100
1,3,67.5,62.5,72.5,-2,1,1,1,1,1,1,1,1,12.5,37.5,-55,-1.3178985054771,-1.68675456862983,-.114211296513806,.0919039405384685,-.225984200842788,.310027615122587,2.22297132510393,0,1,-1.24652924272641,-.965557580273626,2.10258889509946,31,2,1,2,5/17/2016,5/17/2016,1,374226,1,6,30,10,2,1,8,1,27,1,2,3,4,3,2,3,2,2,2,4,2,3,3,4,4,3,4,2,4,4,4 mins, ,0,0,0,0,0,1,0,0,4,3,4,3,4,3,4,4,4,4,4,3,3,4,4,3,4,4,4,4,75,75,75,50,75,75,75,75,75,75,50,50,75,75,50,50,75,50,75,75
1,3,97.5,95,100,-2,1,1,1,1,1,1,1,2,12.5,37.5,-85,-1.3178985054771,-1.68675456862983,-.114211296513806,1.61108678817837,1.49225007623281,1.41590875376719,2.22297132510393,0,1,-1.24652924272641,-.965557580273626,2.10258889509946,28,1,1,2,5/17/2016,5/17/2016,1,702711,1,36,30,10,2,1,8,1,12,1,1,1,5,1,1,5,1,1,1,5,1,1,3,5,5,5,5,1,5,5,5 minutes, ,0,0,0,0,0,1,0,0,5,5,5,5,5,5,5,5,5,5,5,5,3,5,5,5,5,5,5,5,100,100,100,100,100,100,100,100,100,100,100,100,100,100,100,50,100,100,100,100
1,4,36.25,37.5,35,-3,1,1,1,1,1,1,1,1,12.5,50,-23.75,-1.3178985054771,-1.03647932397215,-.603333588105541,-1.49057819241976,-1.54770287551633,-1.19799211939278,1.36597455202081,0,1,-1.24652924272641,-.965557580273626,1.29200178681258,35,1,1,2,5/17/2016,5/17/2016,1,212988,1,7,28,10,1,1,8,1,27,1,4,4,3,4,4,2,4,4,4,2,4,4,3,4,4,2,2,3,4,2,5,no,0,0,0,0,0,1,0,0,2,2,3,2,2,2,2,2,2,2,2,2,3,4,4,2,2,3,4,2,25,50,25,25,25,25,25,75,50,25,25,25,25,25,25,50,75,25,25,75
1,4,66.25,67.5,65,-3,1,1,1,1,1,1,1,1,12.5,50,-53.75,-1.3178985054771,-1.03647932397215,-.603333588105541,.0286046552201392,.0383595340919197,.00842366821951473,1.36597455202081,0,1,-1.24652924272641,-.965557580273626,1.29200178681258,25,1,1,2,5/17/2016,5/17/2016,1,756460,1,3,30,10,2,1,8,1,32,1,2,2,4,4,2,3,2,2,2,4,2,2,3,4,3,4,4,4,4,4,7 minutes, ,0,0,0,0,0,1,0,0,4,4,4,2,4,3,4,4,4,4,4,4,3,4,3,4,4,2,4,4,75,75,75,50,75,75,75,50,25,75,75,25,75,75,75,50,75,75,75,75
1,4,60,57.5,62.5,-3,1,1,1,1,1,1,1,1,12.5,50,-47.5,-1.3178985054771,-1.03647932397215,-.603333588105541,-.287891771371507,-.490327935777497,-.0921109807481761,1.36597455202081,1,0,-.540291312636833,-1.83171952728379,.56000077446985,29,1,1,2,5/17/2016,5/17/2016,1,672491,1,6,1,20,2,0,7,1,9,1,2,2,4,4,2,5,2,2,2,1,1,4,5,4,4,2,4,4,2,2, , ,0,0,1,0,0,0,0,0,4,4,4,2,4,5,4,4,4,1,5,2,5,4,4,2,4,2,2,2,75,75,75,100,75,0,100,75,25,25,75,25,75,75,25,100,75,25,75,25
1,4,90,92.5,87.5,-3,1,1,1,1,1,1,1,2,12.5,50,-77.5,-1.3178985054771,-1.03647932397215,-.603333588105541,1.2312910762684,1.36007820876546,.913235508928732,1.36597455202081,0,1,-1.24652924272641,-.965557580273626,1.29200178681258,36,1,1,2,5/17/2016,5/17/2016,1,780460,1,2,30,10,2,1,8,1,3,1,1,1,5,2,1,5,1,1,1,4,4,1,4,5,4,5,4,1,5,5,15,Thank you for allowing me to participate in your study. Your study flowed very well. I hope my input is useful to your research.,0,0,0,0,0,1,0,0,5,5,5,4,5,5,5,5,5,4,2,5,4,5,4,5,4,5,5,5,100,100,100,100,100,75,25,75,100,100,100,75,100,100,100,75,100,100,75,100
2,2,30,40,20,0,1,1,1,1,1,1,2,1,25,25,-5,-.85178359420423,-2.33702981328752,.864033286669664,-1.80707461901141,-1.41553100804898,-1.80120001319892,1.99064365412449,1,1,-.540291312636833,-.965557580273626,1.26267690549253,30,2,1,2,5/17/2016,5/17/2016,1,952038,1,3,15,10,3,1,8,1,9,1,4,3,1,3,4,2,5,4,3,2,5,4,2,2,3,3,2,4,4,2,4 minutes, ,0,0,0,1,0,1,0,0,2,3,1,3,2,2,1,2,3,2,1,2,2,2,3,3,2,2,4,2,25,0,25,25,0,25,0,50,25,25,50,50,25,50,25,25,25,50,25,75
2,2,78.75,87.5,70,0,1,1,1,1,1,1,2,2,25,25,-53.75,-.85178359420423,-2.33702981328752,.864033286669664,.661597508403432,1.09573447383075,.209492966154896,1.99064365412449,2,0,.165946617452742,-1.83171952728379,-.387822192401278,36,2,1,2,5/17/2016,5/17/2016,1,122986,1,18,30,20,3,1,6,1,18,1,2,2,4,2,1,4,1,1,1,4,4,1,4,5,2,5,4,3,4,5,15, ,0,0,1,1,0,0,0,0,4,4,4,4,5,4,5,5,5,4,2,5,4,5,2,5,4,3,4,5,75,75,100,75,100,75,25,25,50,100,75,75,100,100,100,75,100,100,75,75
2,2,72.5,67.5,77.5,0,1,1,1,1,1,1,2,2,25,25,-47.5,-.85178359420423,-2.33702981328752,.864033286669664,.345101081811786,.0383595340919197,.511096913057969,1.99064365412449,2,0,.165946617452742,-1.83171952728379,-.387822192401278,61,2,1,2,5/17/2016,5/17/2016,1,421289,1,4,30,10,3,1,7,1,9,1,2,3,4,2,2,4,1,2,2,3,2,4,4,4,4,4,4,1,4,4,6 minutes,I can't think of anything.,1,0,0,1,0,0,0,0,4,3,4,4,4,4,5,4,4,3,4,2,4,4,4,4,4,5,4,4,75,75,75,75,100,50,75,75,100,75,50,75,75,75,25,75,75,75,75,75
2,3,65,70,60,-1,1,1,1,1,1,1,2,1,25,37.5,-40,-.85178359420423,-1.68675456862983,.374910995077929,-.0346946300981901,.170531401559274,-.192645629715867,1.43674986900793,1,1,-.540291312636833,-.965557580273626,.911338839981189,35,2,1,2,5/17/2016,5/17/2016,1,460534,1,8,31,10,3,1,8,1,9,1,1,2,4,2,2,3,2,3,2,3,3,1,3,4,2,4,4,4,3,4,15 minutes,No,0,0,0,1,0,1,0,0,5,4,4,4,4,3,4,3,4,3,3,5,3,4,2,4,4,2,3,4,100,75,75,50,75,50,50,25,25,75,75,75,50,75,100,50,75,75,75,50
2,3,58.75,62.5,55,-1,1,1,1,1,1,1,2,1,25,37.5,-33.75,-.85178359420423,-1.68675456862983,.374910995077929,-.351191056689837,-.225984200842788,-.393714927651249,1.43674986900793,1,1,-.540291312636833,-.965557580273626,.911338839981189,32,1,1,2,5/17/2016,5/17/2016,1,715838,1,6,1,20,1,2,7,1,90,1,2,2,4,2,3,4,1,2,4,4,4,2,2,4,2,2,5,4,4,2, , ,0,0,1,0,1,0,0,0,4,4,4,4,3,4,5,4,2,4,2,4,2,4,2,2,5,2,4,2,75,75,50,75,100,75,25,25,25,25,75,75,75,25,75,25,75,25,100,75
2,3,22.5,37.5,7.5,-1,1,1,1,1,1,1,2,1,25,37.5,2.5,-.85178359420423,-1.68675456862983,.374910995077929,-2.18687033092139,-1.54770287551633,-2.30387325803737,1.43674986900793,1,1,-.540291312636833,-.965557580273626,.911338839981189,32,1,1,2,5/17/2016,5/17/2016,1,973017,1,3,30,40,3,1,8,1,96,1,5,5,1,5,5,1,5,3,4,1,5,4,4,3,1,1,4,5,4,4,5 minutes,Thanks!,0,0,0,1,0,1,0,0,1,1,1,1,1,1,1,3,2,1,1,2,4,3,1,1,4,1,4,4,0,0,0,0,0,0,0,0,0,75,0,0,50,25,25,75,50,0,75,75
2,3,90,85,95,-1,1,1,1,1,1,1,2,2,25,37.5,-65,-.85178359420423,-1.68675456862983,.374910995077929,1.2312910762684,.963562606363398,1.2148394558318,1.43674986900793,1,1,-.540291312636833,-.965557580273626,.911338839981189,32,2,1,2,5/17/2016,5/17/2016,1,647446,1,3,29,10,2,2,7,1,9,1,1,2,4,1,1,5,1,1,1,5,1,1,4,4,4,4,4,1,4,5,25 minutes,Thank You,0,1,0,0,1,0,0,0,5,4,4,5,5,5,5,5,5,5,5,5,4,4,4,4,4,5,4,5,100,75,100,100,100,100,100,75,100,100,75,100,100,100,100,75,75,75,75,75
2,4,61.25,57.5,65,-2,1,1,1,1,1,1,1,1,25,50,-36.25,-.85178359420423,-1.03647932397215,-.114211296513806,-.224592486053178,-.490327935777497,.00842366821951473,.882856083891367,0,2,-1.24652924272641,-.0993956332634614,1.29200178681258,39,1,1,2,5/17/2016,5/17/2016,1,460938,1,8,30,80,1,2,7,2,0,1,2,3,4,3,3,3,2,3,3,4,2,3,4,4,2,3,4,2,3,4,10 minutes,none,0,0,0,0,1,0,0,1,4,3,4,3,3,3,4,3,3,4,4,3,4,4,2,3,4,4,3,4,75,75,50,50,75,75,75,25,75,75,50,50,50,50,50,75,75,50,75,50
2,4,51.25,37.5,65,-2,1,1,1,1,1,1,1,1,25,50,-26.25,-.85178359420423,-1.03647932397215,-.114211296513806,-.730986768599812,-1.54770287551633,.00842366821951473,.882856083891367,1,1,-.540291312636833,-.965557580273626,.56000077446985,23,1,1,2,5/17/2016,5/17/2016,1,961988,1,8,30,30,3,1,8,1,27,1,3,3,4,3,3,3,3,3,4,3,3,4,3,3,5,2,3,1,1,4,6 minutes, ,0,0,0,1,0,1,0,0,3,3,4,3,3,3,3,3,2,3,3,2,3,3,5,2,3,5,1,4,50,75,50,50,50,50,50,100,100,75,50,50,50,25,25,50,50,25,50,0
2,4,31.25,32.5,30,-2,1,1,1,1,1,1,1,1,25,50,-6.25,-.85178359420423,-1.03647932397215,-.114211296513806,-1.74377533369308,-1.81204661045104,-1.39906141732816,.882856083891367,1,1,-.540291312636833,-.965557580273626,.56000077446985,38,1,1,2,5/17/2016,5/17/2016,1,494171,1,3,32,20,1,1,7,3,27,1,4,4,2,4,4,2,4,4,4,1,1,5,2,2,2,3,4,4,3,2,10 mins,enjoyed.,0,0,1,0,0,0,1,0,2,2,2,2,2,2,2,2,2,1,5,1,2,2,2,3,4,2,3,2,25,25,25,25,25,0,100,25,25,25,25,25,25,25,0,25,25,50,75,50
2,4,90,92.5,87.5,-2,1,1,1,1,1,1,1,2,25,50,-65,-.85178359420423,-1.03647932397215,-.114211296513806,1.2312910762684,1.36007820876546,.913235508928732,.882856083891367,1,1,-.540291312636833,-.965557580273626,.56000077446985,35,2,1,2,5/17/2016,5/17/2016,1,272833,1,4,31,0,1,1,8,1,27,1,1,2,4,1,1,5,1,1,1,3,1,2,5,5,4,5,4,1,5,4,5 minutes,Thanks!,1,0,0,0,0,1,0,0,5,4,4,5,5,5,5,5,5,3,5,4,5,5,4,5,4,5,5,4,100,75,100,100,100,50,100,75,100,75,75,100,100,100,75,100,100,100,75,100
2,4,95,97.5,92.5,-2,1,1,1,1,1,1,1,2,25,50,-70,-.85178359420423,-1.03647932397215,-.114211296513806,1.48448821754171,1.62442194370017,1.11430480686411,.882856083891367,0,2,-1.24652924272641,-.0993956332634614,1.29200178681258,39,1,1,2,5/17/2016,5/17/2016,1,31654,1,6,15,10,1,3,8,3,3,1,1,1,5,1,2,4,1,1,1,4,1,1,4,5,5,5,5,1,5,5,6 min,Good study.,0,0,0,0,0,1,1,0,5,5,5,5,4,4,5,5,5,4,5,5,4,5,5,5,5,5,5,5,100,100,75,75,100,75,100,100,100,100,100,100,100,100,100,75,100,100,100,100
2,5,51.25,40,62.5,-3,1,1,1,1,1,1,1,1,25,62.5,-26.25,-.85178359420423,-.386204079314462,-.603333588105541,-.730986768599812,-1.41553100804898,-.0921109807481761,.328962298774808,0,2,-1.24652924272641,-.0993956332634614,.481414678525707,28,2,1,2,5/17/2016,5/17/2016,1,72581,1,2,15,10,2,2,8,1,27,1,4,4,4,4,2,4,2,4,4,2,2,2,2,3,4,3,2,3,4,4,7 minutes.,No. Thank you for letting me participate in this study. I really appreciate it! Have a great day!,0,0,0,0,1,1,0,0,2,2,4,2,4,4,4,2,2,2,4,4,2,3,4,3,2,3,4,4,25,75,75,75,75,25,75,75,50,75,25,25,25,25,75,25,50,50,25,75
2,5,28.75,55,2.5,-3,1,1,1,1,1,1,1,1,25,62.5,-3.75,-.85178359420423,-.386204079314462,-.603333588105541,-1.87037390432974,-.622499803244851,-2.50494255597276,.328962298774808,1,1,-.540291312636833,-.965557580273626,.20866270895851,35,1,1,2,5/17/2016,5/17/2016,1,463619,1,9,30,10,3,1,8,1,27,1,5,4,1,3,5,1,4,4,3,1,5,2,3,3,1,4,4,5,4,1,six minutes,not that i can think of,0,0,0,1,0,1,0,0,1,2,1,3,1,1,2,2,3,1,1,4,3,3,1,4,4,1,4,1,0,0,0,0,25,0,0,0,0,0,25,50,25,50,75,50,50,75,75,75
2,5,38.75,35,42.5,-3,1,1,1,1,1,1,1,1,25,62.5,-13.75,-.85178359420423,-.386204079314462,-.603333588105541,-1.36397962178311,-1.67987474298368,-.896388172489703,.328962298774808,0,2,-1.24652924272641,-.0993956332634614,.481414678525707,21,2,1,2,5/17/2016,5/17/2016,1,612826,1,3,15,10,2,1,8,3,7,1,4,5,2,4,3,2,3,4,3,3,4,4,2,4,2,3,2,1,3,3,8 minutes,n/a,0,0,0,0,0,1,1,0,2,1,2,2,3,2,3,2,3,3,2,2,2,4,2,3,2,5,3,3,25,25,50,25,50,50,25,25,100,50,0,25,25,50,25,25,75,50,25,50
2,5,37.5,47.5,27.5,-3,1,1,1,1,1,1,1,1,25,62.5,-12.5,-.85178359420423,-.386204079314462,-.603333588105541,-1.42727890710143,-1.01901540564691,-1.49959606629585,.328962298774808,1,1,-.540291312636833,-.965557580273626,.20866270895851,48,1,1,2,5/17/2016,5/17/2016,1,768497,1,3,15,20,2,1,8,1,9,1,3,4,2,4,4,1,4,4,3,1,5,3,3,3,3,3,4,2,4,2,10,"Funny thing- I am a rational, logical person however I do hate solving logic problems such as in this study.",0,0,1,0,0,1,0,0,3,2,2,2,2,1,2,2,3,1,1,3,3,3,3,3,4,4,4,2,50,25,25,0,25,0,0,50,75,25,25,25,25,50,50,50,50,50,75,75
2,5,61.25,60,62.5,-3,1,1,1,1,1,1,1,1,25,62.5,-36.25,-.85178359420423,-.386204079314462,-.603333588105541,-.224592486053178,-.358156068310142,-.0921109807481761,.328962298774808,1,1,-.540291312636833,-.965557580273626,.20866270895851,43,1,1,2,5/17/2016,5/17/2016,1,195120,1,9,31,10,3,1,8,1,9,1,2,4,4,2,4,4,2,4,3,4,4,3,4,4,3,4,4,2,4,4,6 minutes,none,0,0,0,1,0,1,0,0,4,2,4,4,2,4,4,2,3,4,2,3,4,4,3,4,4,4,4,4,75,75,25,75,75,75,25,50,75,75,25,75,25,50,50,75,75,75,75,75
2,5,92.5,85,100,-3,1,1,1,1,1,1,1,2,25,62.5,-67.5,-.85178359420423,-.386204079314462,-.603333588105541,1.35788964690505,.963562606363398,1.41590875376719,.328962298774808,0,2,-1.24652924272641,-.0993956332634614,.481414678525707,37,2,1,2,5/17/2016,5/17/2016,1,479159,1,3,30,10,2,2,8,1,27,1,1,4,5,1,1,5,1,1,1,5,1,1,4,5,5,4,5,1,4,5,5 minutes,no thanks,0,0,0,0,1,1,0,0,5,2,5,5,5,5,5,5,5,5,5,5,4,5,5,4,5,5,4,5,100,100,100,100,100,100,100,100,100,100,25,100,100,100,100,75,100,75,100,75
2,5,77.5,90,65,-3,1,1,1,1,1,1,1,2,25,62.5,-52.5,-.85178359420423,-.386204079314462,-.603333588105541,.598298223085103,1.22790634129811,.00842366821951473,.328962298774808,0,2,-1.24652924272641,-.0993956332634614,.481414678525707,26,2,1,2,5/17/2016,5/17/2016,1,622006,1,3,1,10,2,1,8,3,3,1,5,1,5,1,1,4,2,1,2,4,4,1,5,4,4,4,4,4,5,5,15 minutes,I enjoyed my participation. Thank you!,0,0,0,0,0,1,1,0,1,5,5,5,5,4,4,5,4,4,2,5,5,4,4,4,4,2,5,5,0,100,100,75,75,75,25,75,25,100,100,100,100,75,100,100,75,75,75,100
2,5,71.25,72.5,70,-3,1,1,1,1,1,1,1,2,25,62.5,-46.25,-.85178359420423,-.386204079314462,-.603333588105541,.281801796493456,.302703269026628,.209492966154896,.328962298774808,2,0,.165946617452742,-1.83171952728379,-.0640892606086856,27,2,1,2,5/17/2016,5/17/2016,1,476992,1,9,29,10,3,1,7,1,6,1,2,3,4,3,2,3,1,1,2,3,2,2,3,5,4,4,3,3,5,4,40 minutes due to some technical issues with my internet connection.,"I really enjoyed this study, thank you!",0,1,0,1,0,0,0,0,4,3,4,3,4,3,5,5,4,3,4,4,3,5,4,4,3,3,5,4,75,75,75,50,100,50,75,75,50,75,50,50,100,75,75,50,100,75,50,100
0,4,26.25,30,22.5,-4,2,2,1,1,1,1,1,1,0,50,-26.25,-1.78401341674997,-1.03647932397215,-1.09245587969728,-1.9969724749664,-1.94421847791839,-1.70066536423123,1.84909302015025,0,0,-1.24652924272641,-1.83171952728379,1.29200178681258,40,2,1,2,5/17/2016,5/17/2016,1,18157,1,9,30,10,1,1,7,1,27,1,4,4,2,4,4,2,5,3,4,2,4,4,2,2,2,2,2,4,3,2,6 minutes, ,0,0,0,0,0,0,0,0,2,2,2,2,2,2,1,3,2,2,2,2,2,2,2,2,2,2,3,2,25,25,25,25,0,25,25,25,25,25,25,25,50,25,25,25,25,25,25,50
0,4,48.75,47.5,50,-4,2,2,1,1,1,1,1,1,0,50,-48.75,-1.78401341674997,-1.03647932397215,-1.09245587969728,-.857585339236471,-1.01901540564691,-.59478422558663,1.84909302015025,0,0,-1.24652924272641,-1.83171952728379,1.29200178681258,35,2,1,2,5/17/2016,5/17/2016,1,358499,1,20,15,0,2,1,7,1,3,1,3,3,3,3,3,3,3,3,3,3,3,3,3,3,3,3,2,3,3,3,10 MINUTES,NONE,0,0,0,0,0,0,0,0,3,3,3,3,3,3,3,3,3,3,3,3,3,3,3,3,2,3,3,3,50,50,50,50,50,50,50,50,50,50,50,50,50,50,50,50,50,50,25,50
0,4,40.2777777777778,44.4444444444444,36.1111111111111,-4,2,2,1,1,1,1,1,1,0,50,-40.2777777777778,-1.78401341674997,-1.03647932397215,-1.09245587969728,-1.28661382861626,-1.18055879921812,-1.15331005318491,1.84909302015025,0,0,-1.24652924272641,-1.83171952728379,1.29200178681258,28,1,1,2,5/17/2016,5/17/2016,1,588372,1,3,30,10,2,1,7,1,9,1,4,4,2,4,4,4,4,4,4,2,3, ,3,2,3,4,4, ,4,2,10 mins, ,0,0,0,0,0,0,0,0,2,2,2,2,2,4,2,2,2,2,3, ,3,2,3,4,4, ,4,2,25,25,25,75,25,25,50,50, ,25,25,25,25,25, ,50,25,75,75,75
0,6,63.75,62.5,65,-6,2,2,1,1,1,2,1,1,0,75,-63.75,-1.78401341674997,.264071165343224,-2.07070046288075,-.0979939154165194,-.225984200842788,.00842366821951473,-.471106501949112,0,0,-1.24652924272641,-1.83171952728379,-.32917242976117,27,1,1,2,5/17/2016,5/17/2016,1,896113,1,9,1,0,2,1,7,1,3,1,4,2,5,4,2,3,2,3,2,4,2,4,4,4,4,4,4,4,4,4,25 minutes,thank you,0,0,0,0,0,0,0,0,2,4,5,2,4,3,4,3,4,4,4,2,4,4,4,4,4,2,4,4,25,100,75,50,75,75,75,75,25,75,75,25,50,75,25,75,75,75,75,75
1,5,47.3684210526316,52.5,41.6666666666667,-4,2,2,1,1,1,1,1,1,12.5,62.5,-34.8684210526316,-1.3178985054771,-.386204079314462,-1.09245587969728,-.927547707219887,-.754671670712205,-.9298997221456,.508977778937689,1,0,-.540291312636833,-1.83171952728379,.20866270895851,47,2,1,2,5/17/2016,5/17/2016,1,915965,1,9,30,10,3,1,7,1,27,1,2,4,4,5,4,4,5,2,2,3,5,4,3,3,3,4,4,4,4, ,8 minutes,None,0,0,0,1,0,0,0,0,4,2,4,1,2,4,1,4,4,3,1,2,3,3,3,4,4,2,4, ,75,75,25,75,0,50,0,50,25, ,25,0,75,75,25,50,50,75,75,75
1,5,43.75,50,37.5,-4,2,2,1,1,1,1,1,1,12.5,62.5,-31.25,-1.3178985054771,-.386204079314462,-1.09245587969728,-1.11078248050979,-.886843538179559,-1.09745747042508,.508977778937689,0,1,-1.24652924272641,-.965557580273626,.481414678525707,24,1,1,2,5/17/2016,5/17/2016,1,327150,1,9,15,30,2,9,8,1,9,1,4,5,3,4,4,4,4,3,3,3,4,3,2,4,3,4,4,4,4,2,7 minutes,fun study !,0,0,0,0,0,1,0,0,2,1,3,2,2,4,2,3,3,3,2,3,2,4,3,4,4,2,4,2,25,50,25,75,25,50,25,50,25,25,0,25,50,50,50,25,75,75,75,75
1,5,50,55,45,-4,2,2,1,1,1,1,1,1,12.5,62.5,-37.5,-1.3178985054771,-.386204079314462,-1.09245587969728,-.794286053918142,-.622499803244851,-.795853523522012,.508977778937689,1,0,-.540291312636833,-1.83171952728379,.20866270895851,29,1,1,2,5/17/2016,5/17/2016,1,342491,1,6,30,20,2,1,7,2,9,1,3,4,3,4,3,3,5,2,3,3,4,4,4,4,4,4,4,4,3,4,5 minutes,ty,0,0,1,0,0,0,0,0,3,2,3,2,3,3,1,4,3,3,2,2,4,4,4,4,4,2,3,4,50,50,50,50,0,50,25,75,25,75,25,25,75,50,25,75,75,75,75,50
1,5,68.75,70,67.5,-4,2,2,1,1,1,1,1,2,12.5,62.5,-56.25,-1.3178985054771,-.386204079314462,-1.09245587969728,.155203225856798,.170531401559274,.108958317187206,.508977778937689,1,0,-.540291312636833,-1.83171952728379,.20866270895851,33,1,1,2,5/17/2016,5/17/2016,1,579518,1,8,31,20,2,1,7,1,27,1,2,2,4,2,2,4,2,2,3,4,3,2,3,4,4,4,4,3,4,3,12 minutes,no,0,0,1,0,0,0,0,0,4,4,4,4,4,4,4,4,3,4,3,4,3,4,4,4,4,3,4,3,75,75,75,75,75,75,50,75,50,50,75,75,75,50,75,50,75,75,75,75
1,5,78.75,80,77.5,-4,2,2,1,1,1,1,1,2,12.5,62.5,-66.25,-1.3178985054771,-.386204079314462,-1.09245587969728,.661597508403432,.69921887142869,.511096913057969,.508977778937689,0,1,-1.24652924272641,-.965557580273626,.481414678525707,28,1,1,2,5/17/2016,5/17/2016,1,730177,1,9,1,10,2,1,8,1,27,1,1,1,4,1,2,5,1,2,1,5,1,2,4,5,4,1,4,4,5,2,20 mins,Thank you!,0,0,0,0,0,1,0,0,5,5,4,5,4,5,5,4,5,5,5,4,4,5,4,1,4,2,5,2,100,75,75,100,100,100,100,75,25,25,100,100,75,100,75,75,100,0,75,100
1,6,67.5,67.5,67.5,-5,2,2,1,1,1,2,1,1,12.5,75,-55,-1.3178985054771,.264071165343224,-1.58157817128901,.0919039405384685,.0383595340919197,.108958317187206,-.348018994145432,1,0,-.540291312636833,-1.83171952728379,-.142675356552829,27,1,1,2,5/17/2016,5/17/2016,1,471418,1,18,30,20,1,1,7,1,12,1,3,4,4,2,2,4,3,2,3,3,2,2,4,4,4,4,4,2,4,4,4 mins,no,0,0,1,0,0,0,0,0,3,2,4,4,4,4,3,4,3,3,4,4,4,4,4,4,4,4,4,4,50,75,75,75,50,50,75,75,75,75,25,75,75,50,75,75,75,75,75,75
1,6,35,47.5,22.5,-5,2,2,1,1,1,2,1,1,12.5,75,-22.5,-1.3178985054771,.264071165343224,-1.58157817128901,-1.55387747773809,-1.01901540564691,-1.70066536423123,-.348018994145432,0,1,-1.24652924272641,-.965557580273626,-.32917242976117,21,1,1,2,5/17/2016,5/17/2016,1,503978,1,3,30,10,2,1,8,1,3,1,4,4,2,4,4,1,4,4,3,1,5,3,2,3,3,4,4,3,4,2,10 minutes, ,0,0,0,0,0,1,0,0,2,2,2,2,2,1,2,2,3,1,1,3,2,3,3,4,4,3,4,2,25,25,25,0,25,0,0,50,50,25,25,25,25,50,50,25,50,75,75,75
1,6,45,70,20,-5,2,2,1,1,1,2,1,1,12.5,75,-32.5,-1.3178985054771,.264071165343224,-1.58157817128901,-1.04748319519146,.170531401559274,-1.80120001319892,-.348018994145432,1,0,-.540291312636833,-1.83171952728379,-.142675356552829,40,2,1,2,5/17/2016,5/17/2016,1,144933,1,4,30,10,2,1,7,1,9,1,3,3,2,3,5,2,5,5,2,1,5,1,5,5,1,3,5,4,4,4,10 mins,Thank you,1,0,0,0,0,0,0,0,3,3,2,3,1,2,1,1,4,1,1,5,5,5,1,3,5,2,4,4,50,25,0,25,0,0,0,0,25,75,50,50,0,75,100,100,100,50,100,75
1,6,75,72.5,77.5,-5,2,2,1,1,1,2,1,2,12.5,75,-62.5,-1.3178985054771,.264071165343224,-1.58157817128901,.471699652448444,.302703269026628,.511096913057969,-.348018994145432,0,1,-1.24652924272641,-.965557580273626,-.32917242976117,42,1,1,2,5/17/2016,5/17/2016,1,249188,1,5,31,10,1,1,8,1,36,1,2,2,4,2,2,4,2,2,2,4,2,2,3,4,4,4,4,2,4,5,9 min,all clear,0,0,0,0,0,1,0,0,4,4,4,4,4,4,4,4,4,4,4,4,3,4,4,4,4,4,4,5,75,75,75,75,75,75,75,75,75,100,75,75,75,75,75,50,75,75,75,75
1,7,50,50,50,-6,2,2,1,1,1,2,1,1,12.5,87.5,-37.5,-1.3178985054771,.914346410000911,-2.07070046288075,-.794286053918142,-.886843538179559,-.59478422558663,-1.20501576722855,0,1,-1.24652924272641,-.965557580273626,-1.13975953804805, ,2,1,2,5/17/2016,5/17/2016,1,497730,1,12,15,10,2,2,7,2,3,1,3,3,3,3,3,4,3,3,3,3,4,3,3,3,3,3,3,3,3,3,5 minutes,none,0,0,0,0,1,0,0,0,3,3,3,3,3,4,3,3,3,3,2,3,3,3,3,3,3,3,3,3,50,50,50,75,50,50,25,50,50,50,50,50,50,50,50,50,50,50,50,50
1,7,47.5,55,40,-6,2,2,1,1,1,2,1,1,12.5,87.5,-35,-1.3178985054771,.914346410000911,-2.07070046288075,-.9208846245548,-.622499803244851,-.996922821457394,-1.20501576722855,1,0,-.540291312636833,-1.83171952728379,-.494013422064168,25,1,1,2,5/17/2016,5/17/2016,1,963708,1,72,30,90,3,1,7,1,9,1,4,3,4,2,3,2,2,3,3,2,3,3,3,4,3,1,4,5,4,2,6 mins, ,0,0,0,1,0,0,0,0,2,3,4,4,3,2,4,3,3,2,3,3,3,4,3,1,4,1,4,2,25,75,50,25,75,25,50,50,0,25,50,75,50,50,50,50,75,0,75,75
1,7,88.75,92.5,85,-6,2,2,1,1,1,2,1,2,12.5,87.5,-76.25,-1.3178985054771,.914346410000911,-2.07070046288075,1.16799179095007,1.36007820876546,.812700859961041,-1.20501576722855,1,0,-.540291312636833,-1.83171952728379,-.494013422064168,51,2,1,2,5/17/2016,5/17/2016,1,191926,1,18,30,20,2,1,7,1,27,1,1,2,5,1,1,4,1,1,1,5,1,2,4,5,1,5,5,1,5,4,20 minutes,Thank you for the study.  It was a very good study.  Have a great day.,0,0,1,0,0,0,0,0,5,4,5,5,5,4,5,5,5,5,5,4,4,5,1,5,5,5,5,4,100,100,100,75,100,100,100,0,100,75,75,100,100,100,75,75,100,100,100,100
1,7,75,72.5,77.5,-6,2,2,1,1,1,2,1,2,12.5,87.5,-62.5,-1.3178985054771,.914346410000911,-2.07070046288075,.471699652448444,.302703269026628,.511096913057969,-1.20501576722855,0,1,-1.24652924272641,-.965557580273626,-1.13975953804805,33,1,1,2,5/17/2016,5/17/2016,1,966489,1,3,1,10,2,1,8,1,27,1,1,3,5,2,1,5,2,1,3,4,3,2,4,4,3,5,4,3,3,4,7 mins,no,0,0,0,0,0,1,0,0,5,3,5,4,5,5,4,5,3,4,3,4,4,4,3,5,4,3,3,4,100,100,100,100,75,75,50,50,50,75,50,75,100,50,75,75,75,100,75,50
1,8,86.8421052631579,83.3333333333333,90,-7,2,2,1,1,1,2,1,2,12.5,100,-74.3421052631579,-1.3178985054771,1.5646216546586,-2.55982275447248,1.0713770923063,.875448028051829,1.01377015789642,-2.06201254031167,0,1,-1.24652924272641,-.965557580273626,-1.95034664633492,28,2,1,2,5/17/2016,5/17/2016,1,989948,1,6,1,10,2,2,7,1,27,1,1,3,5,1,1,5,1,1,1,3,3, ,3,5,5,3,5,1,5,5,5 minutes, ,0,0,0,0,1,0,0,0,5,3,5,5,5,5,5,5,5,3,3, ,3,5,5,3,5,5,5,5,100,100,100,100,100,50,50,100,100,100,50,100,100,100, ,50,100,50,100,100
2,6,53.75,67.5,40,-4,2,2,1,1,1,2,1,1,25,75,-28.75,-.85178359420423,.264071165343224,-1.09245587969728,-.604388197963154,.0383595340919197,-.996922821457394,-.224931486341751,0,2,-1.24652924272641,-.0993956332634614,-.32917242976117,34,1,1,2,5/17/2016,5/17/2016,1,453170,1,18,1,10,2,2,7,3,1,1,3,3,3,3,3,2,4,3,2,2,4,1,3,3,2,5,4,3,4,4,7 minutes, ,0,0,0,0,1,0,1,0,3,3,3,3,3,2,2,3,4,2,2,5,3,3,2,5,4,3,4,4,50,50,50,25,25,25,25,25,50,75,50,50,50,75,100,50,50,100,75,75
2,7,67.5,87.5,47.5,-5,2,2,1,1,1,2,1,1,25,87.5,-42.5,-.85178359420423,.914346410000911,-1.58157817128901,.0919039405384685,1.09573447383075,-.695318874554321,-.77882527145831,1,1,-.540291312636833,-.965557580273626,-.494013422064168,24,1,1,2,5/17/2016,5/17/2016,1,47639,1,6,15,10,3,1,8,1,27,1,4,1,3,1,4,1,1,1,1,3,4,4,4,5,1,4,5,1,5,5,5 minutes, ,0,0,0,1,0,1,0,0,2,5,3,5,2,1,5,5,5,3,2,2,4,5,1,4,5,5,5,5,25,50,25,0,100,50,25,0,100,100,100,100,100,100,25,75,100,75,100,100
2,7,46.25,45,47.5,-5,2,2,1,1,1,2,1,1,25,87.5,-21.25,-.85178359420423,.914346410000911,-1.58157817128901,-.98418390987313,-1.15118727311427,-.695318874554321,-.77882527145831,0,2,-1.24652924272641,-.0993956332634614,-1.13975953804805,24,1,1,2,5/17/2016,5/17/2016,1,24552,1,6,15,10,2,1,8,3,27,1,4,4,3,3,4,4,3,5,4,3,3,4,3,4,2,4,4,3,3,4,5 minutes,No,0,0,0,0,0,1,1,0,2,2,3,3,2,4,3,1,2,3,3,2,3,4,2,4,4,3,3,4,25,50,25,75,50,50,50,25,50,75,25,50,0,25,25,50,75,75,75,50
2,7,75,67.5,82.5,-5,2,2,1,1,1,2,1,2,25,87.5,-50,-.85178359420423,.914346410000911,-1.58157817128901,.471699652448444,.0383595340919197,.712166210993351,-.77882527145831,0,2,-1.24652924272641,-.0993956332634614,-1.13975953804805,26,1,1,2,5/17/2016,5/17/2016,1,502427,1,7,30,10,2,1,8,3,9,1,1,5,2,1,3,5,1,5,4,5,3,1,4,5,5,5,4,1,5,5,15, ,0,0,0,0,0,1,1,0,5,1,2,5,3,5,5,1,2,5,3,5,4,5,5,5,4,5,5,5,100,25,50,100,100,100,50,100,100,100,0,100,0,25,100,75,100,100,75,100
2,8,46.25,45,47.5,-6,2,2,1,1,1,2,1,1,25,100,-21.25,-.85178359420423,1.5646216546586,-2.07070046288075,-.98418390987313,-1.15118727311427,-.695318874554321,-1.33271905657487,0,2,-1.24652924272641,-.0993956332634614,-1.95034664633492,32,2,1,2,5/17/2016,5/17/2016,1,470111,1,18,15,90,2,1,8,3,9,1,4,2,4,5,4,5,4,4,4,2,4,5,4,2,4,5,3,4,4,4,15 minutes,great study,0,0,0,0,0,1,1,0,2,4,4,1,2,5,2,2,2,2,2,1,4,2,4,5,3,2,4,4,25,75,25,100,25,25,25,75,25,75,75,0,25,25,0,75,25,100,50,75
3,3,56.25,50,62.5,0,1,1,1,2,2,1,2,1,37.5,37.5,-18.75,-.385668682931359,-1.68675456862983,.864033286669664,-.477789627326495,-.886843538179559,-.0921109807481761,.650528412911921,1,2,-.540291312636833,-.0993956332634614,.911338839981189,63,2,1,2,5/17/2016,5/17/2016,1,197047,1,6,15,20,1,1,8,3,1,1,3,3,3,4,2,3,2,3,3,3,3,4,3,3,3,3,4,1,4,4,15,I wish I had thought longer on some of the questions.,0,0,1,0,0,1,1,0,3,3,3,2,4,3,4,3,3,3,3,2,3,3,3,3,4,5,4,4,50,50,75,50,75,50,50,50,100,75,50,25,50,50,25,50,50,50,75,75
3,3,31.25,30,32.5,0,1,1,1,2,2,1,2,1,37.5,37.5,6.25,-.385668682931359,-1.68675456862983,.864033286669664,-1.74377533369308,-1.94421847791839,-1.29852676836047,.650528412911921,1,2,-.540291312636833,-.0993956332634614,.911338839981189,24,2,1,2,5/17/2016,5/17/2016,1,343974,1,6,15,10,3,2,8,1,27,1,4,5,5,4,1,1,5,2,4,1,4,4,1,2,1,5,1,5,2,4,10 minutes,I wanna know the answers!,0,0,0,1,1,1,0,0,2,1,5,2,5,1,1,4,2,1,2,2,1,2,1,5,1,1,2,4,25,100,100,0,0,0,25,0,0,75,0,25,75,25,25,0,25,100,0,25
3,3,7.5,7.5,7.5,0,1,1,1,2,2,1,2,1,37.5,37.5,30,-.385668682931359,-1.68675456862983,.864033286669664,-2.94646175474134,-3.13376528512458,-2.30387325803737,.650528412911921,1,2,-.540291312636833,-.0993956332634614,.911338839981189,61,2,1,2,5/17/2016,5/17/2016,1,9504,1,3,1,0,3,1,8,3,9,1,5,5,1,5,5,1,5,5,5,1,4,2,1,1,1,1,1,5,1,3,8 minutes,I enjoyed it,0,0,0,1,0,1,1,0,1,1,1,1,1,1,1,1,1,1,2,4,1,1,1,1,1,1,1,3,0,0,0,0,0,0,25,0,0,50,0,0,0,0,75,0,0,0,0,0
3,3,86.25,77.5,95,0,1,1,1,2,2,1,2,2,37.5,37.5,-48.75,-.385668682931359,-1.68675456862983,.864033286669664,1.04139322031341,.567047003961336,1.2148394558318,.650528412911921,1,2,-.540291312636833,-.0993956332634614,.911338839981189,22,2,1,2,5/17/2016,5/17/2016,1,25885,1,2,31,20,2,1,8,3,27,1,1,2,5,4,2,5,1,1,2,4,1,2,4,5,5,5,4,1,4,5,7min, ,0,0,1,0,0,1,1,0,5,4,5,2,4,5,5,5,4,4,5,4,4,5,5,5,4,5,4,5,100,100,75,100,100,75,100,100,100,100,75,25,100,75,75,75,100,100,75,75
3,4,55,35,75,-1,1,1,1,2,2,1,2,1,37.5,50,-17.5,-.385668682931359,-1.03647932397215,.374910995077929,-.541088912644825,-1.67987474298368,.410562264090278,.399737615761924,0,3,-1.24652924272641,.766766313746703,1.29200178681258,43,2,1,2,5/17/2016,5/17/2016,1,327053,1,9,1,10,1,1,8,3,0,1,2,4,4,4,2,4,3,3,3,3,2,5,2,2,5,3,3,1,3,4,12 minutes,Thanks!,0,0,0,0,0,1,1,1,4,2,4,2,4,4,3,3,3,3,4,1,2,2,5,3,3,5,3,4,75,75,75,75,50,50,75,100,100,75,25,25,50,50,0,25,25,50,50,50
3,4,66.6666666666667,63.8888888888889,69.4444444444444,-1,1,1,1,2,2,1,2,1,37.5,50,-29.1666666666667,-.385668682931359,-1.03647932397215,.374910995077929,.0497044169929159,-.152555385583147,.187151933050965,.399737615761924,2,1,.165946617452742,-.965557580273626,-.172000237872883,34,1,1,2,5/17/2016,5/17/2016,1,903894,1,3,30,20,3,1,8,1,3,1,2,3,4, ,3,4,2,2,2,4, ,3,3,4,4,3,4,3,4,4,10 minutes, ,0,0,1,1,0,1,0,0,4,3,4, ,3,4,4,4,4,4, ,3,3,4,4,3,4,3,4,4,75,75,50,75,75,75, ,75,50,75,50, ,75,75,50,50,75,50,75,75
3,4,66.25,37.5,95,-1,1,1,1,2,2,1,2,1,37.5,50,-28.75,-.385668682931359,-1.03647932397215,.374910995077929,.0286046552201392,-1.54770287551633,1.2148394558318,.399737615761924,0,3,-1.24652924272641,.766766313746703,1.29200178681258,30,1,1,2,5/17/2016,5/17/2016,1,240719,1,2,1,10,2,2,8,3,3,1,2,4,5,4,1,5,1,4,4,4,1,4,2,2,5,4,2,1,5,5,16 minutes,Fun study! I thoroughly enjoy being challenged.,0,0,0,0,1,1,1,0,4,2,5,2,5,5,5,2,2,4,5,2,2,2,5,4,2,5,5,5,75,100,100,100,100,75,100,100,100,100,25,25,25,25,25,25,25,75,25,100
3,4,66.25,55,77.5,-1,1,1,1,2,2,1,2,1,37.5,50,-28.75,-.385668682931359,-1.03647932397215,.374910995077929,.0286046552201392,-.622499803244851,.511096913057969,.399737615761924,0,3,-1.24652924272641,.766766313746703,1.29200178681258,26,1,1,2,5/17/2016,5/17/2016,1,28254,1,6,31,0,2,2,8,3,9,1,2,3,4,3,2,5,2,3,4,4,3,3,3,4,5,4,4,2,3,4,10,i do not,0,0,0,0,1,1,1,0,4,3,4,3,4,5,4,3,2,4,3,3,3,4,5,4,4,4,3,4,75,75,75,100,75,75,50,100,75,75,50,50,50,25,50,50,75,75,75,50
3,4,81.25,85,77.5,-1,1,1,1,2,2,1,2,2,37.5,50,-43.75,-.385668682931359,-1.03647932397215,.374910995077929,.788196079040091,.963562606363398,.511096913057969,.399737615761924,3,0,.872184547542318,-1.83171952728379,-.904001250215616,31,2,1,2,5/17/2016,5/17/2016,1,529666,1,8,29,20,3,1,7,1,27,1,1,1,5,1,5,5,1,3,1,4,1,1,3,4,1,5,4,1,5,5,about 6 minutes,no,0,1,1,1,0,0,0,0,5,5,5,5,1,5,5,3,5,4,5,5,3,4,1,5,4,5,5,5,100,100,0,100,100,75,100,0,100,100,100,100,50,100,100,50,75,100,75,100
3,5,41.25,35,47.5,-2,1,1,1,2,2,1,1,1,37.5,62.5,-3.75,-.385668682931359,-.386204079314462,-.114211296513806,-1.23738105114645,-1.67987474298368,-.695318874554321,.148946818611927,0,3,-1.24652924272641,.766766313746703,.481414678525707,25,1,1,2,5/17/2016,5/17/2016,1,112560,1,9,25,80,1,2,8,1,0,1,3,4,2,2,3,4,1,3,3,2,4,4,1,1,3,3,2,3,3,2,11 minutes,no,0,0,0,0,1,1,0,1,3,2,2,4,3,4,5,3,3,2,2,2,1,1,3,3,2,3,3,2,50,25,50,75,100,25,25,50,50,25,25,75,50,50,25,0,0,50,25,50
3,5,46.25,32.5,60,-2,1,1,1,2,2,1,1,1,37.5,62.5,-8.75,-.385668682931359,-.386204079314462,-.114211296513806,-.98418390987313,-1.81204661045104,-.192645629715867,.148946818611927,0,3,-1.24652924272641,.766766313746703,.481414678525707,50,2,1,2,5/17/2016,5/17/2016,1,441831,1,6,30,10,2,1,8,3,0,1,4,4,4,4,2,4,2,4,4,2,2,3,2,2,4,2,2,4,4,4,10 minutes,no,0,0,0,0,0,1,1,1,2,2,4,2,4,4,4,2,2,2,4,3,2,2,4,2,2,2,4,4,25,75,75,75,75,25,75,75,25,75,25,25,25,25,50,25,25,25,25,75
3,5,56.25,62.5,50,-2,1,1,1,2,2,1,1,1,37.5,62.5,-18.75,-.385668682931359,-.386204079314462,-.114211296513806,-.477789627326495,-.225984200842788,-.59478422558663,.148946818611927,1,2,-.540291312636833,-.0993956332634614,.20866270895851,25,2,1,2,5/17/2016,5/17/2016,1,50584,1,4,15,10,2,1,8,3,27,1,4,3,3,4,4,4,3,3,4,2,4,1,2,5,3,4,4,1,5,4,10 minutes,Very interesting study!,1,0,0,0,0,1,1,0,2,3,3,2,2,4,3,3,2,2,2,5,2,5,3,4,4,5,5,4,25,50,25,75,50,25,25,50,100,75,50,25,50,25,100,25,100,75,75,100
3,5,48.6842105263158,50,47.5,-2,1,1,1,2,2,1,1,1,37.5,62.5,-11.1842105263158,-.385668682931359,-.386204079314462,-.114211296513806,-.860916880569015,-.886843538179559,-.695318874554321,.148946818611927,0,3,-1.24652924272641,.766766313746703,.481414678525707,25,2,1,2,5/17/2016,5/17/2016,1,111250,1,12,30,10,1,2,8,3,9,1,4, ,3,3,3,3,3,4,4,4,3,3,4,3,3,3,4,4,3,3,4 minutes,no,0,0,0,0,1,1,1,0,2, ,3,3,3,3,3,2,2,4,3,3,4,3,3,3,4,2,3,3,25,50,50,50,50,75,50,50,25,50, ,50,25,25,50,75,50,50,75,50
3,5,33.75,35,32.5,-2,1,1,1,2,2,1,1,1,37.5,62.5,3.75,-.385668682931359,-.386204079314462,-.114211296513806,-1.61717676305642,-1.67987474298368,-1.29852676836047,.148946818611927,0,3,-1.24652924272641,.766766313746703,.481414678525707,41,1,1,2,5/17/2016,5/17/2016,1,406068,1,3,30,10,2,2,8,3,9,1,4,4,2,4,4,2,4,4,4,2,4,4,2,4,3,3,3,4,2,4,15 minutes, ,0,0,0,0,1,1,1,0,2,2,2,2,2,2,2,2,2,2,2,2,2,4,3,3,3,2,2,4,25,25,25,25,25,25,25,50,25,75,25,25,25,25,25,25,75,50,50,25
3,5,71.25,65,77.5,-2,1,1,1,2,2,1,1,2,37.5,62.5,-33.75,-.385668682931359,-.386204079314462,-.114211296513806,.281801796493456,-.0938123333754343,.511096913057969,.148946818611927,2,1,.165946617452742,-.965557580273626,-.0640892606086856,36,2,1,2,5/17/2016,5/17/2016,1,473710,1,6,29,20,2,1,7,3,27,1,2,3,4,2,2,4,2,2,2,4,2,4,3,4,4,4,4,2,4,5,8 mins,no,0,1,1,0,0,0,1,0,4,3,4,4,4,4,4,4,4,4,4,2,3,4,4,4,4,4,4,5,75,75,75,75,75,75,75,75,75,100,50,75,75,75,25,50,75,75,75,75
3,5,70,70,70,-2,1,1,1,2,2,1,1,2,37.5,62.5,-32.5,-.385668682931359,-.386204079314462,-.114211296513806,.218502511175127,.170531401559274,.209492966154896,.148946818611927,0,3,-1.24652924272641,.766766313746703,.481414678525707,31,2,1,2,5/17/2016,5/17/2016,1,416244,1,9,30,10,2,2,8,3,27,1,2,3,4,2,3,4,2,2,2,4,2,2,3,4,3,4,4,2,4,4,7 minutes, ,0,0,0,0,1,1,1,0,4,3,4,4,3,4,4,4,4,4,4,4,3,4,3,4,4,4,4,4,75,75,50,75,75,75,75,50,75,75,50,75,75,75,75,50,75,75,75,75
3,5,72.5,80,65,-2,1,1,1,2,2,1,1,2,37.5,62.5,-35,-.385668682931359,-.386204079314462,-.114211296513806,.345101081811786,.69921887142869,.00842366821951473,.148946818611927,1,2,-.540291312636833,-.0993956332634614,.20866270895851,23,1,1,2,5/17/2016,5/17/2016,1,27369,1,3,15,20,1,1,8,3,9,1,1,1,4,1,1,4,4,1,3,4,2,1,4,4,4,4,3,3,4,1,10, ,0,0,1,0,0,1,1,0,5,5,4,5,5,4,2,5,3,4,4,5,4,4,4,4,3,3,4,1,100,75,100,75,25,75,75,75,50,0,100,100,100,50,100,75,75,75,50,75
3,6,56.25,60,52.5,-3,1,1,1,2,2,2,1,1,37.5,75,-18.75,-.385668682931359,.264071165343224,-.603333588105541,-.477789627326495,-.358156068310142,-.494249576618939,-.10184397853807,0,3,-1.24652924272641,.766766313746703,-.32917242976117,36,1,1,2,5/17/2016,5/17/2016,1,101563,1,10,30,85,2,2,8,2,0,1,2,2,4,2,4,4,4,4,3,3,3,4,4,3,2,4,5,2,3,3,8 minutes,no,0,0,0,0,1,1,0,1,4,4,4,4,2,4,2,2,3,3,3,2,4,3,2,4,5,4,3,3,75,75,25,75,25,50,50,25,75,50,75,75,25,50,25,75,50,75,100,50
3,6,65.7894736842105,72.5,58.3333333333333,-3,1,1,1,2,2,2,1,1,37.5,75,-28.2894736842105,-.385668682931359,.264071165343224,-.603333588105541,.00528386589233336,.302703269026628,-.259668729027661,-.10184397853807,2,1,.165946617452742,-.965557580273626,.0438217166555119,50,2,1,2,5/17/2016,5/17/2016,1,849932,1,4,30,0,3,1,8,1,27,1,3,2,4,2,3,3, ,2,2,4,2,2,3,4,3,4,4,3,4,3,About 10 minutes,"No, but I would like to know how well I did",1,0,0,1,0,1,0,0,3,4,4,4,3,3, ,4,4,4,4,4,3,4,3,4,4,3,4,3,50,75,50,50, ,75,75,50,50,50,75,75,75,75,75,50,75,75,75,75
3,6,58.75,65,52.5,-3,1,1,1,2,2,2,1,1,37.5,75,-21.25,-.385668682931359,.264071165343224,-.603333588105541,-.351191056689837,-.0938123333754343,-.494249576618939,-.10184397853807,2,1,.165946617452742,-.965557580273626,.0438217166555119,23,1,1,2,5/17/2016,5/17/2016,1,756563,1,4,1,10,3,1,8,1,27,1,3,3,4,3,3,3,3,2,2,2,4,2,2,4,4,4,4,3,4,4,5 minutes, ,1,0,0,1,0,1,0,0,3,3,4,3,3,3,3,4,4,2,2,4,2,4,4,4,4,3,4,4,50,75,50,50,50,25,25,75,50,75,50,50,75,75,75,25,75,75,75,75
3,6,38.75,37.5,40,-3,1,1,1,2,2,2,1,1,37.5,75,-1.25,-.385668682931359,.264071165343224,-.603333588105541,-1.36397962178311,-1.54770287551633,-.996922821457394,-.10184397853807,0,3,-1.24652924272641,.766766313746703,-.32917242976117,32,1,1,2,5/17/2016,5/17/2016,1,581651,1,6,30,10,1,2,8,3,27,1,4,4,3,3,3,3,4,4,4,3,4,3,2,3,2,3,3,3,2,3,10min, ,0,0,0,0,1,1,1,0,2,2,3,3,3,3,2,2,2,3,2,3,2,3,2,3,3,3,2,3,25,50,50,50,25,50,25,25,50,50,25,50,25,25,50,25,50,50,50,25
3,6,66.25,52.5,80,-3,1,1,1,2,2,2,1,1,37.5,75,-28.75,-.385668682931359,.264071165343224,-.603333588105541,.0286046552201392,-.754671670712205,.61163156202566,-.10184397853807,1,2,-.540291312636833,-.0993956332634614,-.142675356552829,29,1,1,2,5/17/2016,5/17/2016,1,548270,1,9,31,20,1,1,8,3,27,1,2,4,5,4,2,4,2,2,3,4,2,4,2,4,4,4,4,2,4,5,7 minutes, ,0,0,1,0,0,1,1,0,4,2,5,2,4,4,4,4,3,4,4,2,2,4,4,4,4,4,4,5,75,100,75,75,75,75,75,75,75,100,25,25,75,50,25,25,75,75,75,75
3,6,66.25,60,72.5,-3,1,1,1,2,2,2,1,1,37.5,75,-28.75,-.385668682931359,.264071165343224,-.603333588105541,.0286046552201392,-.358156068310142,.310027615122587,-.10184397853807,0,3,-1.24652924272641,.766766313746703,-.32917242976117,20,2,1,2,5/17/2016,5/17/2016,1,737838,1,54,30,0,2,2,8,3,27,1,2,2,4,4,2,4,1,2,2,4,2,2,1,2,4,5,4,4,4,4,3 minutes,No,0,0,0,0,1,1,1,0,4,4,4,2,4,4,5,4,4,4,4,4,1,2,4,5,4,2,4,4,75,75,75,75,100,75,75,75,25,75,75,25,75,75,75,0,25,100,75,75
3,6,46.25,40,52.5,-3,1,1,1,2,2,2,1,1,37.5,75,-8.75,-.385668682931359,.264071165343224,-.603333588105541,-.98418390987313,-1.41553100804898,-.494249576618939,-.10184397853807,0,3,-1.24652924272641,.766766313746703,-.32917242976117,19,2,1,2,5/17/2016,5/17/2016,1,486637,1,9,15,10,2,2,8,3,27,1,2,3,4,4,4,3,3,2,4,3,4,4,2,2,1,3,4,2,2,5,10 mins, ,0,0,0,0,1,1,1,0,4,3,4,2,2,3,3,4,2,3,2,2,2,2,1,3,4,4,2,5,75,75,25,50,50,50,25,0,75,100,50,25,75,25,25,25,25,50,75,25
3,6,55,65,45,-3,1,1,1,2,2,2,1,1,37.5,75,-17.5,-.385668682931359,.264071165343224,-.603333588105541,-.541088912644825,-.0938123333754343,-.795853523522012,-.10184397853807,1,2,-.540291312636833,-.0993956332634614,-.142675356552829,33,2,1,2,5/17/2016,5/17/2016,1,291888,1,4,30,0,2,1,8,3,3,1,2,3,3,3,3,2,3,3,2,2,3,2,4,4,2,3,4,4,4,4,10 minutes, ,1,0,0,0,0,1,1,0,4,3,3,3,3,2,3,3,4,2,3,4,4,4,2,3,4,2,4,4,75,50,50,25,50,25,50,25,25,75,50,50,50,75,75,75,75,50,75,75
3,6,57.5,55,60,-3,1,1,1,2,2,2,1,1,37.5,75,-20,-.385668682931359,.264071165343224,-.603333588105541,-.414490342008166,-.622499803244851,-.192645629715867,-.10184397853807,1,2,-.540291312636833,-.0993956332634614,-.142675356552829,48,1,1,2,5/17/2016,5/17/2016,1,511578,1,6,30,20,2,1,8,3,9,1,3,4,4,2,3,4,2,3,4,3,3,4,3,4,4,4,4,4,4,4,4,fun questions,0,0,1,0,0,1,1,0,3,2,4,4,3,4,4,3,2,3,3,2,3,4,4,4,4,2,4,4,50,75,50,75,75,50,50,75,25,75,25,75,50,25,25,50,75,75,75,75
3,6,70,70,70,-3,1,1,1,2,2,2,1,2,37.5,75,-32.5,-.385668682931359,.264071165343224,-.603333588105541,.218502511175127,.170531401559274,.209492966154896,-.10184397853807,3,0,.872184547542318,-1.83171952728379,.230318789863853,23,2,1,2,5/17/2016,5/17/2016,1,37848,1,4,30,20,3,1,7,1,27,1,2,2,4,2,2,4,3,2,2,4,2,4,4,4,3,4,4,2,4,4,5 minutes?, ,1,0,1,1,0,0,0,0,4,4,4,4,4,4,3,4,4,4,4,2,4,4,3,4,4,4,4,4,75,75,75,75,50,75,75,50,75,75,75,75,75,75,25,75,75,75,75,75
3,6,73.75,75,72.5,-3,1,1,1,2,2,2,1,2,37.5,75,-36.25,-.385668682931359,.264071165343224,-.603333588105541,.408400367130115,.434875136493982,.310027615122587,-.10184397853807,2,1,.165946617452742,-.965557580273626,.0438217166555119,25,1,1,2,5/17/2016,5/17/2016,1,522015,1,4,30,20,1,1,8,1,27,1,2,2,4,2,2,4,2,2,2,4,2,2,4,4,3,4,4,2,4,4,5 minutes, ,1,0,1,0,0,1,0,0,4,4,4,4,4,4,4,4,4,4,4,4,4,4,3,4,4,4,4,4,75,75,75,75,75,75,75,50,75,75,75,75,75,75,75,75,75,75,75,75
3,6,98.75,97.5,100,-3,1,1,1,2,2,2,1,2,37.5,75,-61.25,-.385668682931359,.264071165343224,-.603333588105541,1.6743860734967,1.62442194370017,1.41590875376719,-.10184397853807,1,2,-.540291312636833,-.0993956332634614,-.142675356552829,42,1,1,2,5/17/2016,5/17/2016,1,845820,1,3,29,0,2,1,8,3,27,1,1,1,5,1,1,5,1,1,1,5,1,1,4,5,5,5,5,1,5,5,About 7 minutes,None,0,1,0,0,0,1,1,0,5,5,5,5,5,5,5,5,5,5,5,5,4,5,5,5,5,5,5,5,100,100,100,100,100,100,100,100,100,100,100,100,100,100,100,75,100,100,100,100
3,6,72.5,70,75,-3,1,1,1,2,2,2,1,2,37.5,75,-35,-.385668682931359,.264071165343224,-.603333588105541,.345101081811786,.170531401559274,.410562264090278,-.10184397853807,1,2,-.540291312636833,-.0993956332634614,-.142675356552829,55,2,1,2,5/17/2016,5/17/2016,1,351557,1,4.5,30,10,3,1,8,3,27,1,2,2,4,2,2,3,2,2,2,3,2,4,4,4,4,4,4,1,4,5,7 minutes,wish I got feedback - answers to word problems - i'm curious,0,0,0,1,0,1,1,0,4,4,4,4,4,3,4,4,4,3,4,2,4,4,4,4,4,5,4,5,75,75,75,50,75,50,75,75,100,100,75,75,75,75,25,75,75,75,75,75
3,6,90,87.5,92.5,-3,1,1,1,2,2,2,1,2,37.5,75,-52.5,-.385668682931359,.264071165343224,-.603333588105541,1.2312910762684,1.09573447383075,1.11430480686411,-.10184397853807,1,2,-.540291312636833,-.0993956332634614,-.142675356552829,37,1,1,2,5/17/2016,5/17/2016,1,897528,1,18,1,10,3,2,8,1,3,1,1,1,5,1,1,4,1,1,1,4,1,1,3,4,4,5,4,1,4,5,It seemed to be around 5 or 6 minutes., ,0,0,0,1,1,1,0,0,5,5,5,5,5,4,5,5,5,4,5,5,3,4,4,5,4,5,4,5,100,100,100,75,100,75,100,75,100,100,100,100,100,100,100,50,75,100,75,75
3,7,57.5,65,50,-4,2,2,1,2,2,2,1,1,37.5,87.5,-20,-.385668682931359,.914346410000911,-1.09245587969728,-.414490342008166,-.0938123333754343,-.59478422558663,-.352634775688068,2,1,.165946617452742,-.965557580273626,.151732693919709,20,1,1,2,5/17/2016,5/17/2016,1,677085,1,9,29,20,2,1,8,1,27,1,3,3,3,4,3,3,3,2,2,3,3,2,3,4,2,4,4,3,4,4,4 minutes, ,0,1,1,0,0,1,0,0,3,3,3,2,3,3,3,4,4,3,3,4,3,4,2,4,4,3,4,4,50,50,50,50,50,50,50,25,50,75,50,25,75,75,75,50,75,75,75,75
3,7,58.75,60,57.5,-4,2,2,1,2,2,2,1,1,37.5,87.5,-21.25,-.385668682931359,.914346410000911,-1.09245587969728,-.351191056689837,-.358156068310142,-.293180278683558,-.352634775688068,1,2,-.540291312636833,-.0993956332634614,-.494013422064168,19,1,1,2,5/17/2016,5/17/2016,1,55649,1,8,30,20,2,1,8,3,27,1,4,3,4,5,1,2,3,1,3,2,1,2,4,2,5,4,3,3,5,2,10 mins, ,0,0,1,0,0,1,1,0,2,3,4,1,5,2,3,5,3,2,5,4,4,2,5,4,3,3,5,2,25,75,100,25,50,25,100,100,50,25,50,0,100,50,75,75,25,75,50,100
3,7,48.75,90,7.5,-4,2,2,1,2,2,2,1,1,37.5,87.5,-11.25,-.385668682931359,.914346410000911,-1.09245587969728,-.857585339236471,1.22790634129811,-2.30387325803737,-.352634775688068,1,2,-.540291312636833,-.0993956332634614,-.494013422064168,57,1,1,2,5/17/2016,5/17/2016,1,107311,1,9,1,10,3,1,8,3,9,1,4,2,1,1,5,1,5,2,1,1,5,1,3,5,1,5,5,3,5,1,12 minutes, ,0,0,0,1,0,1,1,0,2,4,1,5,1,1,1,4,5,1,1,5,3,5,1,5,5,3,5,1,25,0,0,0,0,0,0,0,50,0,75,100,75,100,100,50,100,100,100,100
3,7,73.75,72.5,75,-4,2,2,1,2,2,2,1,2,37.5,87.5,-36.25,-.385668682931359,.914346410000911,-1.09245587969728,.408400367130115,.302703269026628,.410562264090278,-.352634775688068,1,2,-.540291312636833,-.0993956332634614,-.494013422064168,28,1,1,2,5/17/2016,5/17/2016,1,853149,1,9,29,10,2,2,8,1,27,1,2,2,4,2,2,4,2,2,2,4,2,2,3,4,4,4,4,2,4,4,5 minutes, ,0,1,0,0,1,1,0,0,4,4,4,4,4,4,4,4,4,4,4,4,3,4,4,4,4,4,4,4,75,75,75,75,75,75,75,75,75,75,75,75,75,75,75,50,75,75,75,75
3,7,87.5,85,90,-4,2,2,1,2,2,2,1,2,37.5,87.5,-50,-.385668682931359,.914346410000911,-1.09245587969728,1.10469250563174,.963562606363398,1.01377015789642,-.352634775688068,2,1,.165946617452742,-.965557580273626,.151732693919709,36,1,1,2,5/17/2016,5/17/2016,1,945696,1,4.5,30,20,3,1,7,3,27,1,2,2,5,1,1,5,1,1,2,5,2,2,5,5,5,4,4,2,4,4,5 minutes,N/A,0,0,1,1,0,0,1,0,4,4,5,5,5,5,5,5,4,5,4,4,5,5,5,4,4,4,4,4,75,100,100,100,100,100,75,100,75,75,75,100,100,75,75,100,100,75,75,75
3,7,85.5263157894737,85,86.1111111111111,-4,2,2,1,2,2,2,1,2,37.5,87.5,-48.0263157894737,-.385668682931359,.914346410000911,-1.09245587969728,1.00474626565543,.963562606363398,.857382926168904,-.352634775688068,1,2,-.540291312636833,-.0993956332634614,-.494013422064168,26,2,1,2,5/17/2016,5/17/2016,1,199791,1,4,1,10,2,1,8,3,27,1,2,2,5,1,2,4,2,1,2,5,2,2,3,5,5,4,5, ,5,5,8 mins,no issues,1,0,0,0,0,1,1,0,4,4,5,5,4,4,4,5,4,5,4,4,3,5,5,4,5, ,5,5,75,100,75,75,75,100,75,100, ,100,75,100,100,75,75,50,100,75,100,100
3,7,70,62.5,77.5,-4,2,2,1,2,2,2,1,2,37.5,87.5,-32.5,-.385668682931359,.914346410000911,-1.09245587969728,.218502511175127,-.225984200842788,.511096913057969,-.352634775688068,1,2,-.540291312636833,-.0993956332634614,-.494013422064168,26,1,1,2,5/17/2016,5/17/2016,1,862846,1,4,30,10,2,1,8,3,27,1,1,2,5,5,1,5,1,5,4,5,4,1,5,5,3,5,5,4,2,4,10 minutes had to answer the door during it,no,1,0,0,0,0,1,1,0,5,4,5,1,5,5,5,1,2,5,2,5,5,5,3,5,5,2,2,4,100,100,100,100,100,100,25,50,25,75,75,0,0,25,100,100,100,100,100,25
3,7,88.75,87.5,90,-4,2,2,1,2,2,2,1,2,37.5,87.5,-51.25,-.385668682931359,.914346410000911,-1.09245587969728,1.16799179095007,1.09573447383075,1.01377015789642,-.352634775688068,0,3,-1.24652924272641,.766766313746703,-1.13975953804805,35,2,1,2,5/17/2016,5/17/2016,1,293418,1,6,31,30,2,2,8,3,27,1,1,1,5,2,1,4,1,2,1,4,3,1,5,4,5,5,4,1,4,5,8 minutes,no,0,0,0,0,1,1,1,0,5,5,5,4,5,4,5,4,5,4,3,5,5,4,5,5,4,5,4,5,100,100,100,75,100,75,50,100,100,100,100,75,75,100,100,100,75,100,75,75
3,7,97.5,95,100,-4,2,2,1,2,2,2,1,2,37.5,87.5,-60,-.385668682931359,.914346410000911,-1.09245587969728,1.61108678817837,1.49225007623281,1.41590875376719,-.352634775688068,0,3,-1.24652924272641,.766766313746703,-1.13975953804805,36,1,1,2,5/17/2016,5/17/2016,1,958439,1,9,30,80,2,2,8,3,27,1,1,1,5,1,1,5,1,1,1,5,1,2,4,5,5,5,5,1,5,5,4 minutes, ,0,0,0,0,1,1,1,0,5,5,5,5,5,5,5,5,5,5,5,4,4,5,5,5,5,5,5,5,100,100,100,100,100,100,100,100,100,100,100,100,100,100,75,75,100,100,100,100
3,7,72.5,70,75,-4,2,2,1,2,2,2,1,2,37.5,87.5,-35,-.385668682931359,.914346410000911,-1.09245587969728,.345101081811786,.170531401559274,.410562264090278,-.352634775688068,1,2,-.540291312636833,-.0993956332634614,-.494013422064168,41,2,1,2,5/17/2016,5/17/2016,1,681106,1,4,30,10,2,2,8,1,9,1,2,2,4,2,2,4,2,2,2,3,2,2,3,3,4,4,4,2,4,5,15 minutes,no comments,1,0,0,0,1,1,0,0,4,4,4,4,4,4,4,4,4,3,4,4,3,3,4,4,4,4,4,5,75,75,75,75,75,50,75,75,75,100,75,75,75,75,75,50,50,75,75,75
3,8,85,87.5,82.5,-5,2,2,1,2,2,2,1,2,37.5,100,-47.5,-.385668682931359,1.5646216546586,-1.58157817128901,.978093934995079,1.09573447383075,.712166210993351,-.603425572838065,2,1,.165946617452742,-.965557580273626,.259643671183907,43,1,1,2,5/17/2016,5/17/2016,1,382207,1,4,15,10,3,1,8,2,27,1,1,1,5,1,2,4,2,1,1,4,2,2,3,4,5,5,5,2,4,4,5 minutes,no,1,0,0,1,0,1,0,0,5,5,5,5,4,4,4,5,5,4,4,4,3,4,5,5,5,4,4,4,100,100,75,75,75,75,75,100,75,75,100,100,100,100,75,50,75,100,100,75
3,8,72.5,75,70,-5,2,2,1,2,2,2,1,2,37.5,100,-35,-.385668682931359,1.5646216546586,-1.58157817128901,.345101081811786,.434875136493982,.209492966154896,-.603425572838065,2,1,.165946617452742,-.965557580273626,.259643671183907,45,1,1,2,5/17/2016,5/17/2016,1,24095,1,4,28,10,3,1,8,1,3,1,2,2,4,2,2,4,2,2,2,3,3,2,4,4,4,4,4,2,4,4,5 minutes, ,1,0,0,1,0,1,0,0,4,4,4,4,4,4,4,4,4,3,3,4,4,4,4,4,4,4,4,4,75,75,75,75,75,50,50,75,75,75,75,75,75,75,75,75,75,75,75,75
3,2,12.5,20,5,1,4, ,1,2,2,1,2,1,37.5,25,25,-.385668682931359,-2.33702981328752,1.3531555782614,-2.69326461346802,-2.47290594778781,-2.40440790700507,.901319210061918,1,2,-.540291312636833,-.0993956332634614,1.26267690549253,29,1,1,2,5/17/2016,5/17/2016,1,237253,1,3,30,10,3,1,8,3,18,1,5,5,1,5,5,1,5,5,5,1,5,5,2,2,1,2,4,3,3,1,8, ,0,0,0,1,0,1,1,0,1,1,1,1,1,1,1,1,1,1,1,1,2,2,1,2,4,3,3,1,0,0,0,0,0,0,0,0,50,0,0,0,0,0,0,25,25,25,75,50
3,2,23.6842105263158,30.5555555555556,17.5,1,4, ,1,2,2,1,2,1,37.5,25,13.8157894736842,-.385668682931359,-2.33702981328752,1.3531555782614,-2.1269025869356,-1.91484695181453,-1.90173466216661,.901319210061918,0,3,-1.24652924272641,.766766313746703,2.91317600338634,31,2,1,2,5/17/2016,5/17/2016,1,403706,1,12,15,60,1,2,8,3,9,1,5, ,1,4,4,2,5,4,4,1,5,4,2,2,2,4,2,2,2,2,5, ,0,0,0,0,1,1,1,0,1, ,1,2,2,2,1,2,2,1,1,2,2,2,2,4,2,4,2,2,0,0,25,25,0,0,0,25,75,25, ,25,25,25,25,25,25,75,25,25
4,4,65,57.5,72.5,0,3,3,2,2,2,1,2,1,50,50,-15,.0804462283415117,-1.03647932397215,.864033286669664,-.0346946300981901,-.490327935777497,.310027615122587,-.0833808523675191,1,3,-.540291312636833,.766766313746703,.56000077446985,34,2,1,2,5/17/2016,5/17/2016,1,152146,1,4,30,10,2,2,8,3,27,1,2,3,4,2,1,4,3,2,2,4,3,4,4,4,4,4,2,3,2,5,5 minutes,Thanks!,1,0,0,0,1,1,1,0,4,3,4,4,5,4,3,4,4,4,3,2,4,4,4,4,2,3,2,5,75,75,100,75,50,75,50,75,50,100,50,75,75,75,25,75,75,75,25,25
4,4,52.5,65,40,0,3,3,2,2,2,1,2,1,50,50,-2.5,.0804462283415117,-1.03647932397215,.864033286669664,-.667687483281483,-.0938123333754343,-.996922821457394,-.0833808523675191,1,3,-.540291312636833,.766766313746703,.56000077446985,58,2,1,2,5/17/2016,5/17/2016,1,454644,1,6,30,20,2,2,8,3,3,1,2,2,3,3,4,2,4,3,2,2,2,2,2,4,3,4,4,4,4,2,7 min,no,0,0,1,0,1,1,1,0,4,4,3,3,2,2,2,3,4,2,4,4,2,4,3,4,4,2,4,2,75,50,25,25,25,25,75,50,25,25,75,50,50,75,75,25,75,75,75,75
4,4,72.5,77.5,67.5,0,3,3,2,2,2,1,2,2,50,50,-22.5,.0804462283415117,-1.03647932397215,.864033286669664,.345101081811786,.567047003961336,.108958317187206,-.0833808523675191,1,3,-.540291312636833,.766766313746703,.56000077446985,23,1,1,2,5/17/2016,5/17/2016,1,863925,1,3,30,10,3,2,8,3,27,1,2,2,4,2,2,4,3,2,2,3,3,2,4,4,4,4,4,2,5,4,5 minutes, ,0,0,0,1,1,1,1,0,4,4,4,4,4,4,3,4,4,3,3,4,4,4,4,4,4,4,5,4,75,75,75,75,50,50,50,75,75,75,75,75,75,75,75,75,75,75,75,100
4,4,75,75,75,0,3,3,2,2,2,1,2,2,50,50,-25,.0804462283415117,-1.03647932397215,.864033286669664,.471699652448444,.434875136493982,.410562264090278,-.0833808523675191,2,2,.165946617452742,-.0993956332634614,-.172000237872883,37,2,1,2,5/17/2016,5/17/2016,1,505817,1,4,30,10,3,2,0,3,9,1,2,2,4,2,2,4,2,2,2,4,2,2,4,4,4,4,4,2,4,4,4 minutes,none,1,0,0,1,1,0,1,0,4,4,4,4,4,4,4,4,4,4,4,4,4,4,4,4,4,4,4,4,75,75,75,75,75,75,75,75,75,75,75,75,75,75,75,75,75,75,75,75
4,5,33.75,47.5,20,-1,3,3,2,2,2,1,2,1,50,62.5,16.25,.0804462283415117,-.386204079314462,.374910995077929,-1.61717676305642,-1.01901540564691,-1.80120001319892,-.0310686615509545,1,3,-.540291312636833,.766766313746703,.20866270895851,54,2,1,2,5/17/2016,5/17/2016,1,280737,1,4,1,30,2,2,8,1,0,1,4,4,3,5,5,1,5,1,4,1,5,5,3,4,3,5,3,5,3,4,7 minutes, ,1,0,0,0,1,1,0,1,2,2,3,1,1,1,1,5,2,1,1,1,3,4,3,5,3,1,3,4,25,50,0,0,0,0,0,50,0,75,25,0,100,25,0,50,75,100,50,50
4,5,66.25,50,82.5,-1,3,3,2,2,2,1,2,1,50,62.5,-16.25,.0804462283415117,-.386204079314462,.374910995077929,.0286046552201392,-.886843538179559,.712166210993351,-.0310686615509545,1,3,-.540291312636833,.766766313746703,.20866270895851,24,1,1,2,5/17/2016,5/17/2016,1,579562,1,4,30,0,2,2,8,3,27,1,2,2,5,2,2,4,2,2,2,4,2,4,4,1,4,3,2,1,2,5,4 minutes,no,1,0,0,0,1,1,1,0,4,4,5,4,4,4,4,4,4,4,4,2,4,1,4,3,2,5,2,5,75,100,75,75,75,75,75,75,100,100,75,75,75,75,25,75,0,50,25,25
4,5,58.75,62.5,55,-1,3,3,2,2,2,1,2,1,50,62.5,-8.75,.0804462283415117,-.386204079314462,.374910995077929,-.351191056689837,-.225984200842788,-.393714927651249,-.0310686615509545,1,3,-.540291312636833,.766766313746703,.20866270895851,28,2,1,2,5/17/2016,5/17/2016,1,397106,1,3,30,10,3,2,8,3,27,1,3,3,4,3,3,3,2,3,2,3,2,2,2,4,3,4,4,4,4,3,5 mins,no,0,0,0,1,1,1,1,0,3,3,4,3,3,3,4,3,4,3,4,4,2,4,3,4,4,2,4,3,50,75,50,50,75,50,75,50,25,50,50,50,50,75,75,25,75,75,75,75
4,5,80,72.5,87.5,-1,3,3,2,2,2,1,2,2,50,62.5,-30,.0804462283415117,-.386204079314462,.374910995077929,.724896793721762,.302703269026628,.913235508928732,-.0310686615509545,2,2,.165946617452742,-.0993956332634614,-.0640892606086856,39,1,1,2,5/17/2016,5/17/2016,1,650933,1,4,31,10,3,2,8,1,27,1,1,3,4,2,1,3,1,2,1,4,2,1,3,3,5,4,4,1,4,5,10 minutes,"Interesting survey, no technical issues.",1,0,0,1,1,1,0,0,5,3,4,4,5,3,5,4,5,4,4,5,3,3,5,4,4,5,4,5,100,75,100,50,100,75,75,100,100,100,50,75,75,100,100,50,50,75,75,75
4,5,76.25,75,77.5,-1,3,3,2,2,2,1,2,2,50,62.5,-26.25,.0804462283415117,-.386204079314462,.374910995077929,.534998937766774,.434875136493982,.511096913057969,-.0310686615509545,2,2,.165946617452742,-.0993956332634614,-.0640892606086856,18,1,1,2,5/17/2016,5/17/2016,1,510007,1,4,15,0,3,1,8,3,27,1,2,2,4,2,2,4,2,2,2,4,2,2,4,4,4,4,4,2,4,5,7 minutes,Thanks.,1,0,0,1,0,1,1,0,4,4,4,4,4,4,4,4,4,4,4,4,4,4,4,4,4,4,4,5,75,75,75,75,75,75,75,75,75,100,75,75,75,75,75,75,75,75,75,75
4,5,95,90,100,-1,3,3,2,2,2,1,2,2,50,62.5,-45,.0804462283415117,-.386204079314462,.374910995077929,1.48448821754171,1.22790634129811,1.41590875376719,-.0310686615509545,4,0,1.57842247763189,-1.83171952728379,-.609593199743078,36,1,1,2,5/17/2016,5/17/2016,1,138915,1,4,29,20,3,1,7,1,9,1,1,2,5,1,1,5,1,1,1,5,1,1,3,5,5,5,5,1,4,5,3 minutes,I found the task to be interesting and would enjoy knowing if I was correct in any of my answers. Thank you and good luck with your research.,1,1,1,1,0,0,0,0,5,4,5,5,5,5,5,5,5,5,5,5,3,5,5,5,5,5,4,5,100,100,100,100,100,100,100,100,100,100,75,100,100,100,100,50,100,100,100,75
4,6,58.75,50,67.5,-2,3,3,2,2,2,2,1,1,50,75,-8.75,.0804462283415117,.264071165343224,-.114211296513806,-.351191056689837,-.886843538179559,.108958317187206,.0212435292656101,2,2,.165946617452742,-.0993956332634614,.0438217166555119,34,2,1,2,5/17/2016,5/17/2016,1,531242,1,6,30,20,3,1,8,3,27,1,3,4,4,3,2,3,2,3,4,3,2,3,2,4,4,3,4,2,4,4,15, ,0,0,1,1,0,1,1,0,3,2,4,3,4,3,4,3,2,3,4,3,2,4,4,3,4,4,4,4,50,75,75,50,75,50,75,75,75,75,25,50,50,25,50,25,75,50,75,75
4,6,57.5,62.5,52.5,-2,3,3,2,2,2,2,1,1,50,75,-7.5,.0804462283415117,.264071165343224,-.114211296513806,-.414490342008166,-.225984200842788,-.494249576618939,.0212435292656101,1,3,-.540291312636833,.766766313746703,-.142675356552829,33,1,1,2,5/17/2016,5/17/2016,1,2385,1,4,1,0,2,2,8,3,3,1,2,2,3,4,3,3,3,3,3,3,4,2,4,3,3,4,4,3,4,4,5,na,1,0,0,0,1,1,1,0,4,4,3,2,3,3,3,3,3,3,2,4,4,3,3,4,4,3,4,4,75,50,50,50,50,50,25,50,50,75,75,25,50,50,75,75,50,75,75,75
4,6,38.75,40,37.5,-2,3,3,2,2,2,2,1,1,50,75,11.25,.0804462283415117,.264071165343224,-.114211296513806,-1.36397962178311,-1.41553100804898,-1.09745747042508,.0212435292656101,1,3,-.540291312636833,.766766313746703,-.142675356552829,25,2,1,2,5/17/2016,5/17/2016,1,995957,1,9,28,20,2,2,8,3,3,1,4,5,2,4,4,1,5,3,5,2,5,5,2,5,5,2,5,1,4,4,45 minutes,no,0,0,1,0,1,1,1,0,2,1,2,2,2,1,1,3,1,2,1,1,2,5,5,2,5,5,4,4,25,25,25,0,0,25,0,100,100,75,0,25,50,0,0,25,100,25,100,75
4,6,71.25,67.5,75,-2,3,3,2,2,2,2,1,2,50,75,-21.25,.0804462283415117,.264071165343224,-.114211296513806,.281801796493456,.0383595340919197,.410562264090278,.0212435292656101,1,3,-.540291312636833,.766766313746703,-.142675356552829,29,1,1,2,5/17/2016,5/17/2016,1,969752,1,3,30,10,3,2,8,3,1,1,2,2,5,2,2,5,5,4,2,5,2,2,4,2,4,5,4,3,4,5,five minutes,"It was enjoyable, Thank you!",0,0,0,1,1,1,1,0,4,4,5,4,4,5,1,2,4,5,4,4,4,2,4,5,4,3,4,5,75,100,75,100,0,100,75,75,50,100,75,75,25,75,75,75,25,100,75,75
4,6,76.25,75,77.5,-2,3,3,2,2,2,2,1,2,50,75,-26.25,.0804462283415117,.264071165343224,-.114211296513806,.534998937766774,.434875136493982,.511096913057969,.0212435292656101,3,1,.872184547542318,-.965557580273626,.230318789863853,39,2,1,2,5/17/2016,5/17/2016,1,49174,1,9,29,20,3,1,8,1,27,1,2,2,4,2,2,4,2,2,2,4,2,2,4,4,4,4,4,1,4,4,10 minutes,No.,0,1,1,1,0,1,0,0,4,4,4,4,4,4,4,4,4,4,4,4,4,4,4,4,4,5,4,4,75,75,75,75,75,75,75,75,100,75,75,75,75,75,75,75,75,75,75,75
4,6,73.75,80,67.5,-2,3,3,2,2,2,2,1,2,50,75,-23.75,.0804462283415117,.264071165343224,-.114211296513806,.408400367130115,.69921887142869,.108958317187206,.0212435292656101,2,2,.165946617452742,-.0993956332634614,.0438217166555119,26,2,1,2,5/17/2016,5/17/2016,1,254722,1,9,31,20,3,1,8,3,27,1,1,2,4,1,2,4,5,2,1,4,4,1,3,4,4,4,4,1,4,4,7 minutes roughly,I enjoyed doing this study very much and I hope I helped!,0,0,1,1,0,1,1,0,5,4,4,5,4,4,1,4,5,4,2,5,3,4,4,4,4,5,4,4,100,75,75,75,0,75,25,75,100,75,75,100,75,100,100,50,75,75,75,75
4,7,43.75,67.5,20,-3,3,3,2,2,2,2,1,1,50,87.5,6.25,.0804462283415117,.914346410000911,-.603333588105541,-1.11078248050979,.0383595340919197,-1.80120001319892,.0735557200821747,1,3,-.540291312636833,.766766313746703,-.494013422064168,45,2,1,2,5/17/2016,5/17/2016,1,734574,1,5,30,10,3,1,8,3,0,1,4,3,1,3,4,1,2,2,2,1,4,1,3,4,2,4,5,5,2,2,5 mins,Thanks! Maybe put multiple qs per page?,0,0,0,1,0,1,1,1,2,3,1,3,2,1,4,4,4,1,2,5,3,4,2,4,5,1,2,2,25,0,25,0,75,0,25,25,0,25,50,50,75,75,100,50,75,75,100,25
4,7,63.75,60,67.5,-3,3,3,2,2,2,2,1,1,50,87.5,-13.75,.0804462283415117,.914346410000911,-.603333588105541,-.0979939154165194,-.358156068310142,.108958317187206,.0735557200821747,3,1,.872184547542318,-.965557580273626,.797478809903587,41,1,1,2,5/17/2016,5/17/2016,1,156700,1,4,29,20,2,1,8,1,27,1,3,3,4,4,3,4,2,3,3,4,3,4,3,4,4,5,4,3,5,5,10,Challenging! Thanks,1,1,1,0,0,1,0,0,3,3,4,2,3,4,4,3,3,4,3,2,3,4,4,5,4,3,5,5,50,75,50,75,75,75,50,75,50,100,50,25,50,50,25,50,75,100,75,100
4,7,58.75,77.5,40,-3,3,3,2,2,2,2,1,1,50,87.5,-8.75,.0804462283415117,.914346410000911,-.603333588105541,-.351191056689837,.567047003961336,-.996922821457394,.0735557200821747,2,2,.165946617452742,-.0993956332634614,.151732693919709,32,2,1,2,5/17/2016,5/17/2016,1,687281,1,4,30,10,3,1,8,3,27,1,4,2,3,3,4,3,4,1,2,2,4,5,4,5,4,5,5,2,5,2,3 minutes,no,1,0,0,1,0,1,1,0,2,4,3,3,2,3,2,5,4,2,2,1,4,5,4,5,5,4,5,2,25,50,25,50,25,25,25,75,75,25,75,50,100,75,0,75,100,100,100,100
4,7,90,90,90,-3,3,3,2,2,2,2,1,2,50,87.5,-40,.0804462283415117,.914346410000911,-.603333588105541,1.2312910762684,1.22790634129811,1.01377015789642,.0735557200821747,1,3,-.540291312636833,.766766313746703,-.494013422064168,25,1,1,2,5/17/2016,5/17/2016,1,892580,1,4,30,0,2,2,8,3,27,1,1,1,5,1,2,4,1,1,1,5,2,1,4,4,5,4,4,1,5,4,6 minutes,This survey was very simple and straight forward.,1,0,0,0,1,1,1,0,5,5,5,5,4,4,5,5,5,5,4,5,4,4,5,4,4,5,5,4,100,100,75,75,100,100,75,100,100,75,100,100,100,100,100,75,75,75,75,100
5,5,23.75,42.5,5,0,3,3,2,2,3,1,2,1,62.5,62.5,38.75,.546561139614382,-.386204079314462,.864033286669664,-2.12357104560306,-1.28335914058162,-2.40440790700507,-.211084141713836,2,3,.165946617452742,.766766313746703,-.0640892606086856,35,2,1,2,5/17/2016,5/17/2016,1,285832,1,4,31,10,3,2,8,3,27,1,4,4,1,5,5,1,5,4,5,1,4,2,2,4,1,3,4,5,4,1,10 minutes,thank you,1,0,0,1,1,1,1,0,2,2,1,1,1,1,1,2,1,1,2,4,2,4,1,3,4,1,4,1,25,0,0,0,0,0,25,0,0,0,25,0,25,0,75,25,75,50,75,75
5,5,60,45,75,0,3,3,2,2,3,1,2,1,62.5,62.5,2.5,.546561139614382,-.386204079314462,.864033286669664,-.287891771371507,-1.15118727311427,.410562264090278,-.211084141713836,2,3,.165946617452742,.766766313746703,-.0640892606086856,29,2,1,2,5/17/2016,5/17/2016,1,655300,1,3,15,20,3,2,8,3,27,1,2,4,4,4,2,4,2,3,4,3,2,2,3,3,4,3,4,2,2,5,5 minutes, ,0,0,1,1,1,1,1,0,4,2,4,2,4,4,4,3,2,3,4,4,3,3,4,3,4,4,2,5,75,75,75,75,75,50,75,75,75,100,25,25,50,25,75,50,50,50,75,25
5,5,83.75,80,87.5,0,3,3,2,2,3,1,2,2,62.5,62.5,-21.25,.546561139614382,-.386204079314462,.864033286669664,.914794649676749,.69921887142869,.913235508928732,-.211084141713836,4,1,1.57842247763189,-.965557580273626,-.609593199743078,36,2,1,2,5/17/2016,5/17/2016,1,912026,1,4,29,20,3,1,7,3,3,1,1,2,5,2,1,4,1,2,1,3,2,2,3,4,4,4,5,1,5,5,5 minutes,"No issues, thanks.",1,1,1,1,0,0,1,0,5,4,5,4,5,4,5,4,5,3,4,4,3,4,4,4,5,5,5,5,100,100,100,75,100,50,75,75,100,100,75,75,75,100,75,50,75,75,100,100
5,5,82.5,82.5,82.5,0,3,3,2,2,3,1,2,2,62.5,62.5,-20,.546561139614382,-.386204079314462,.864033286669664,.85149536435842,.831390738896044,.712166210993351,-.211084141713836,2,3,.165946617452742,.766766313746703,-.0640892606086856,30,2,1,2,5/17/2016,5/17/2016,1,331969,1,4,29,10,2,2,8,3,3,1,1,2,5,2,1,5,2,2,2,5,2,2,5,4,1,5,5,1,4,4,3 minutes,No.,1,1,0,0,1,1,1,0,5,4,5,4,5,5,4,4,4,5,4,4,5,4,1,5,5,5,4,4,100,100,100,100,75,100,75,0,100,75,75,75,75,75,75,100,75,100,100,75
5,5,72.5,75,70,0,3,3,2,2,3,1,2,2,62.5,62.5,-10,.546561139614382,-.386204079314462,.864033286669664,.345101081811786,.434875136493982,.209492966154896,-.211084141713836,2,3,.165946617452742,.766766313746703,-.0640892606086856,34,2,1,2,5/17/2016,5/17/2016,1,74026,1,9,15,20,3,2,8,3,3,1,2,3,5,2,2,3,2,2,2,3,2,2,5,4,2,4,4,2,4,5,10 minutes,n/a,0,0,1,1,1,1,1,0,4,3,5,4,4,3,4,4,4,3,4,4,5,4,2,4,4,4,4,5,75,100,75,50,75,50,75,25,75,100,50,75,75,75,75,100,75,75,75,75
5,5,91.25,85,97.5,0,3,3,2,2,3,1,2,2,62.5,62.5,-28.75,.546561139614382,-.386204079314462,.864033286669664,1.29459036158673,.963562606363398,1.3153741047995,-.211084141713836,2,3,.165946617452742,.766766313746703,-.0640892606086856,54,2,1,2,5/17/2016,5/17/2016,1,948297,1,6,31,20,3,2,8,3,3,1,1,2,5,2,1,5,1,1,1,5,1,1,3,4,4,5,4,1,5,5,6 minutes,None.,0,0,1,1,1,1,1,0,5,4,5,4,5,5,5,5,5,5,5,5,3,4,4,5,4,5,5,5,100,100,100,100,100,100,100,75,100,100,75,75,100,100,100,50,75,100,75,100
5,6,60,62.5,57.5,-1,3,3,2,2,3,2,2,1,62.5,75,2.5,.546561139614382,.264071165343224,.374910995077929,-.287891771371507,-.225984200842788,-.293180278683558,.144331037069291,4,1,1.57842247763189,-.965557580273626,.416815863072194,57,1,1,2,5/17/2016,5/17/2016,1,878618,1,4,29,20,3,2,7,1,27,1,1,3,3,2,2,2,2,2,1,2,4,5,2,4,3,4,4,2,4,4,8 minutes,No.,1,1,1,1,1,0,0,0,5,3,3,4,4,2,4,4,5,2,2,1,2,4,3,4,4,4,4,4,100,50,75,25,75,25,25,50,75,75,50,75,75,100,0,25,75,75,75,75
5,6,43.75,57.5,30,-1,3,3,2,2,3,2,2,1,62.5,75,18.75,.546561139614382,.264071165343224,.374910995077929,-1.11078248050979,-.490327935777497,-1.39906141732816,.144331037069291,3,2,.872184547542318,-.0993956332634614,.230318789863853,28,2,1,2,5/17/2016,5/17/2016,1,919981,1,4,30,20,3,1,8,3,3,1,4,4,3,2,4,2,4,3,2,1,5,2,3,3,3,4,4,4,2,4,5 minutes,"I have seen some of the questions before. Surprised lily pad wasn't included. Or widgets,",1,0,1,1,0,1,1,0,2,2,3,4,2,2,2,3,4,1,1,4,3,3,3,4,4,2,2,4,25,50,25,25,25,0,0,50,25,75,25,75,50,75,75,50,50,75,75,25
5,6,63.75,62.5,65,-1,3,3,2,2,3,2,2,1,62.5,75,-1.25,.546561139614382,.264071165343224,.374910995077929,-.0979939154165194,-.225984200842788,.00842366821951473,.144331037069291,2,3,.165946617452742,.766766313746703,.0438217166555119,43,1,1,2,5/17/2016,5/17/2016,1,739108,1,4,30,10,3,2,8,3,9,1,3,3,3,2,3,3,2,4,2,3,2,3,3,4,4,4,4,1,4,4,5 min,fun,1,0,0,1,1,1,1,0,3,3,3,4,3,3,4,2,4,3,4,3,3,4,4,4,4,5,4,4,50,50,50,50,75,50,75,75,100,75,50,75,25,75,50,50,75,75,75,75
5,6,81.25,75,87.5,-1,3,3,2,2,3,2,2,2,62.5,75,-18.75,.546561139614382,.264071165343224,.374910995077929,.788196079040091,.434875136493982,.913235508928732,.144331037069291,2,3,.165946617452742,.766766313746703,.0438217166555119,56,2,1,2,5/17/2016,5/17/2016,1,118243,1,4.5,30,20,3,1,8,3,0,1,1,2,5,2,1,4,1,2,2,3,1,2,3,4,4,5,3,2,5,5,6 minutes,No,0,0,1,1,0,1,1,1,5,4,5,4,5,4,5,4,4,3,5,4,3,4,4,5,3,4,5,5,100,100,100,75,100,50,100,75,75,100,75,75,75,75,75,50,75,100,50,100
5,6,72.5,65,80,-1,3,3,2,2,3,2,2,2,62.5,75,-10,.546561139614382,.264071165343224,.374910995077929,.345101081811786,-.0938123333754343,.61163156202566,.144331037069291,2,3,.165946617452742,.766766313746703,.0438217166555119,26,2,1,2,5/17/2016,5/17/2016,1,179227,1,6,31,20,3,2,8,3,27,1,1,3,4,2,2,4,2,1,2,3,2,4,4,4,4,4,4,1,2,5,Maybe 8-10 minutes?,"I didn't start the study exactly when I accepted it (I wanted to make sure I had the time to sit down and not focus on anything else), so I think it took 8-10 minutes, but my timer on turk is longer.",0,0,1,1,1,1,1,0,5,3,4,4,4,4,4,5,4,3,4,2,4,4,4,4,4,5,2,5,100,75,75,75,75,50,75,75,100,100,50,75,100,75,25,75,75,75,75,25
5,6,91.25,85,97.5,-1,3,3,2,2,3,2,2,2,62.5,75,-28.75,.546561139614382,.264071165343224,.374910995077929,1.29459036158673,.963562606363398,1.3153741047995,.144331037069291,2,3,.165946617452742,.766766313746703,.0438217166555119,51,2,1,2,5/17/2016,5/17/2016,1,354458,1,4,30,10,3,2,8,3,3,1,1,4,5,1,1,5,1,1,1,5,2,1,4,4,5,5,5,1,4,5,approximately 7 minutes, ,1,0,0,1,1,1,1,0,5,2,5,5,5,5,5,5,5,5,4,5,4,4,5,5,5,5,4,5,100,100,100,100,100,100,75,100,100,100,25,100,100,100,100,75,75,100,100,75
5,6,75,77.5,72.5,-1,3,3,2,2,3,2,2,2,62.5,75,-12.5,.546561139614382,.264071165343224,.374910995077929,.471699652448444,.567047003961336,.310027615122587,.144331037069291,3,2,.872184547542318,-.0993956332634614,.230318789863853,43,2,1,2,5/17/2016,5/17/2016,1,583457,1,2,29,20,3,1,8,3,3,1,2,2,4,2,2,4,2,2,2,4,2,2,4,5,4,4,4,3,4,4,5 minutes,thank you,0,1,1,1,0,1,1,0,4,4,4,4,4,4,4,4,4,4,4,4,4,5,4,4,4,3,4,4,75,75,75,75,75,75,75,75,50,75,75,75,75,75,75,75,100,75,75,75
5,7,37.5,42.5,32.5,-2,3,3,2,2,3,2,1,1,62.5,87.5,25,.546561139614382,.914346410000911,-.114211296513806,-1.42727890710143,-1.28335914058162,-1.29852676836047,.499746215852417,2,3,.165946617452742,.766766313746703,.151732693919709,24,2,1,2,5/17/2016,5/17/2016,1,381834,1,3,29,20,2,2,8,3,27,1,4,4,3,4,4,2,4,3,3,2,5,4,2,2,3,4,3,3,4,3,4 minutes,No.,0,1,1,0,1,1,1,0,2,2,3,2,2,2,2,3,3,2,1,2,2,2,3,4,3,3,4,3,25,50,25,25,25,25,0,50,50,50,25,25,50,50,25,25,25,75,50,75
5,7,63.75,42.5,85,-2,3,3,2,2,3,2,1,1,62.5,87.5,-1.25,.546561139614382,.914346410000911,-.114211296513806,-.0979939154165194,-1.28335914058162,.812700859961041,.499746215852417,3,2,.872184547542318,-.0993956332634614,.797478809903587,33,1,1,2,5/17/2016,5/17/2016,1,903365,1,4,30,20,3,1,8,3,27,1,2,3,4,3,1,4,2,3,3,5,2,5,2,3,4,3,3,1,3,5,About 8 minutes,no,1,0,1,1,0,1,1,0,4,3,4,3,5,4,4,3,3,5,4,1,2,3,4,3,3,5,3,5,75,75,100,75,75,100,75,75,100,100,50,50,50,50,0,25,50,50,50,50
5,7,77.5,72.5,82.5,-2,3,3,2,2,3,2,1,2,62.5,87.5,-15,.546561139614382,.914346410000911,-.114211296513806,.598298223085103,.302703269026628,.712166210993351,.499746215852417,3,2,.872184547542318,-.0993956332634614,.797478809903587,30,1,1,2,5/17/2016,5/17/2016,1,103793,1,4,29,20,1,2,8,1,27,1,1,1,5,2,2,5,2,2,2,3,2,2,4,4,4,4,4,2,2,5,5 minutes, ,1,1,1,0,1,1,0,0,5,5,5,4,4,5,4,4,4,3,4,4,4,4,4,4,4,4,2,5,100,100,75,100,75,50,75,75,75,100,100,75,75,75,75,75,75,75,75,25
5,7,75,77.5,72.5,-2,3,3,2,2,3,2,1,2,62.5,87.5,-12.5,.546561139614382,.914346410000911,-.114211296513806,.471699652448444,.567047003961336,.310027615122587,.499746215852417,4,1,1.57842247763189,-.965557580273626,1.44322492588746,30,1,1,2,5/17/2016,5/17/2016,1,559389,1,4,29,20,3,1,8,1,27,1,2,3,4,2,2,3,1,2,1,3,2,1,3,4,4,4,4,2,5,4,About 3 minutes,"I do consider myself pretty good at math, which I think influenced some of my timing, here.",1,1,1,1,0,1,0,0,4,3,4,4,4,3,5,4,5,3,4,5,3,4,4,4,4,4,5,4,75,75,75,50,100,50,75,75,75,75,50,75,75,100,100,50,75,75,75,100
5,7,96.25,97.5,95,-2,3,3,2,2,3,2,1,2,62.5,87.5,-33.75,.546561139614382,.914346410000911,-.114211296513806,1.54778750286004,1.62442194370017,1.2148394558318,.499746215852417,4,1,1.57842247763189,-.965557580273626,1.44322492588746,62,1,1,2,5/17/2016,5/17/2016,1,7412,1,4,29,20,3,1,8,1,27,1,1,1,5,1,1,4,1,1,1,4,1,1,5,5,5,5,4,1,5,5,6 minutes,interesting,1,1,1,1,0,1,0,0,5,5,5,5,5,4,5,5,5,4,5,5,5,5,5,5,4,5,5,5,100,100,100,75,100,75,100,100,100,100,100,100,100,100,100,100,100,100,75,100
5,7,72.5,77.5,67.5,-2,3,3,2,2,3,2,1,2,62.5,87.5,-10,.546561139614382,.914346410000911,-.114211296513806,.345101081811786,.567047003961336,.108958317187206,.499746215852417,2,3,.165946617452742,.766766313746703,.151732693919709,32,1,1,2,5/17/2016,5/17/2016,1,801608,1,9,30,20,3,2,8,3,27,1,2,2,3,2,2,3,1,2,1,3,1,1,3,4,4,5,4,3,3,3,10 min,cool study,0,0,1,1,1,1,1,0,4,4,3,4,4,3,5,4,5,3,5,5,3,4,4,5,4,3,3,3,75,50,75,50,100,50,100,75,50,50,75,75,75,100,100,50,75,100,75,50
5,8,22.5,42.5,2.5,-3,3,3,2,2,3,2,1,1,62.5,100,40,.546561139614382,1.5646216546586,-.603333588105541,-2.18687033092139,-1.28335914058162,-2.50494255597276,.855161394635544,4,1,1.57842247763189,-.965557580273626,2.46963398870274,52,1,1,2,5/17/2016,5/17/2016,1,402752,1,4,29,20,3,1,8,1,27,1,4,4,1,4,5,1,5,3,3,1,5,5,2,3,1,3,4,5,4,1,8 minutes,what's my score?,1,1,1,1,0,1,0,0,2,2,1,2,1,1,1,3,3,1,1,1,2,3,1,3,4,1,4,1,25,0,0,0,0,0,0,0,0,0,25,25,50,50,0,25,50,50,75,75
5,8,78.75,82.5,75,-3,3,3,2,2,3,2,1,2,62.5,100,-16.25,.546561139614382,1.5646216546586,-.603333588105541,.661597508403432,.831390738896044,.410562264090278,.855161394635544,3,2,.872184547542318,-.0993956332634614,1.36463882994332,29,1,1,2,5/17/2016,5/17/2016,1,486817,1,9,29,20,3,2,8,1,27,1,2,2,4,2,1,4,2,1,1,3,3,2,4,5,4,4,4,1,4,4,8 minutes,Thanks.,0,1,1,1,1,1,0,0,4,4,4,4,5,4,4,5,5,3,3,4,4,5,4,4,4,5,4,4,75,75,100,75,75,50,50,75,100,75,75,75,100,100,75,75,100,75,75,75
6,6,45,62.5,27.5,0,3,3,2,3,3,2,2,1,75,75,30,1.01267605088725,.264071165343224,.864033286669664,-1.04748319519146,-.225984200842788,-1.49959606629585,.267418544872971,2,4,.165946617452742,1.63292826075687,.0438217166555119,33,1,1,2,5/17/2016,5/17/2016,1,61093,1,3,29,10,3,2,8,3,0,1,4,3,3,3,5,2,5,4,2,2,4,3,4,4,4,4,4,4,4,2,12 Minutes, ,0,1,0,1,1,1,1,1,2,3,3,3,1,2,1,2,4,2,2,3,4,4,4,4,4,2,4,2,25,50,0,25,0,25,25,75,25,25,50,50,25,75,50,75,75,75,75,75
6,6,56.25,57.5,55,0,3,3,2,3,3,2,2,1,75,75,18.75,1.01267605088725,.264071165343224,.864033286669664,-.477789627326495,-.490327935777497,-.393714927651249,.267418544872971,3,3,.872184547542318,.766766313746703,.230318789863853,35,2,1,2,5/17/2016,5/17/2016,1,615193,1,2,29,20,3,2,8,3,27,1,1,3,3,3,3,3,3,3,3,2,5,3,3,4,5,4,3,1,4,2,maybe 10 minutes? I din't check the time when I began, ,0,1,1,1,1,1,1,0,5,3,3,3,3,3,3,3,3,2,1,3,3,4,5,4,3,5,4,2,100,50,50,50,50,25,0,100,100,25,50,50,50,50,50,50,75,75,50,75
6,6,71.25,67.5,75,0,3,3,2,3,3,2,2,2,75,75,3.75,1.01267605088725,.264071165343224,.864033286669664,.281801796493456,.0383595340919197,.410562264090278,.267418544872971,2,4,.165946617452742,1.63292826075687,.0438217166555119,42,1,1,2,5/17/2016,5/17/2016,1,563252,1,3,29,90,3,2,8,3,0,1,2,2,4,4,2,4,2,2,2,4,2,2,3,4,4,4,4,2,4,4,6 minutes, ,0,1,0,1,1,1,1,1,4,4,4,2,4,4,4,4,4,4,4,4,3,4,4,4,4,4,4,4,75,75,75,75,75,75,75,75,75,75,75,25,75,75,75,50,75,75,75,75
6,6,88.75,85,92.5,0,3,3,2,3,3,2,2,2,75,75,-13.75,1.01267605088725,.264071165343224,.864033286669664,1.16799179095007,.963562606363398,1.11430480686411,.267418544872971,4,2,1.57842247763189,-.0993956332634614,.416815863072194,30,1,1,2,5/17/2016,5/17/2016,1,335871,1,4,29,20,3,2,8,1,27,1,1,1,5,1,1,5,2,1,2,4,2,1,5,5,5,1,5,1,4,5,5 minutes,Love these kind of questions thanks a ton for posting this survey!,1,1,1,1,1,1,0,0,5,5,5,5,5,5,4,5,4,4,4,5,5,5,5,1,5,5,4,5,100,100,100,100,75,75,75,100,100,100,100,100,100,75,100,100,100,0,100,75
6,6,97.5,95,100,0,3,3,2,3,3,2,2,2,75,75,-22.5,1.01267605088725,.264071165343224,.864033286669664,1.61108678817837,1.49225007623281,1.41590875376719,.267418544872971,3,3,.872184547542318,.766766313746703,.230318789863853,30,2,1,2,5/17/2016,5/17/2016,1,491479,1,4,29,30,3,2,8,3,3,1,1,1,5,1,1,5,1,1,1,5,1,2,4,5,5,5,5,1,5,5,5 minutes,This was fun.,1,1,0,1,1,1,1,0,5,5,5,5,5,5,5,5,5,5,5,4,4,5,5,5,5,5,5,5,100,100,100,100,100,100,100,100,100,100,100,100,100,100,75,75,100,100,100,100
6,7,60,72.5,47.5,-1,3,3,2,3,3,2,2,1,75,87.5,15,1.01267605088725,.914346410000911,.374910995077929,-.287891771371507,.302703269026628,-.695318874554321,.925936711622659,3,3,.872184547542318,.766766313746703,.797478809903587,40,1,1,2,5/17/2016,5/17/2016,1,11036,1,4,30,20,3,2,8,3,27,1,3,3,3,2,3,3,3,2,2,3,3,2,4,4,2,4,4,3,4,3,8 minutes maybe? I did not time it., ,1,0,1,1,1,1,1,0,3,3,3,4,3,3,3,4,4,3,3,4,4,4,2,4,4,3,4,3,50,50,50,50,50,50,50,25,50,50,50,75,75,75,75,75,75,75,75,75
6,7,60,50,70,-1,3,3,2,3,3,2,2,1,75,87.5,15,1.01267605088725,.914346410000911,.374910995077929,-.287891771371507,-.886843538179559,.209492966154896,.925936711622659,4,2,1.57842247763189,-.0993956332634614,1.44322492588746,40,1,1,2,5/17/2016,5/17/2016,1,374867,1,4,29,20,3,2,8,1,3,1,2,3,4,3,2,4,2,3,3,3,3,3,2,3,4,3,4,2,3,4,10 minutes,"It was enjoyable for me, thank you. Do I get to see the correct answers?",1,1,1,1,1,1,0,0,4,3,4,3,4,4,4,3,3,3,3,3,2,3,4,3,4,4,3,4,75,75,75,75,75,50,50,75,75,75,50,50,50,50,50,25,50,50,75,50
6,7,68.75,67.5,70,-1,3,3,2,3,3,2,2,2,75,87.5,6.25,1.01267605088725,.914346410000911,.374910995077929,.155203225856798,.0383595340919197,.209492966154896,.925936711622659,3,3,.872184547542318,.766766313746703,.797478809903587,41,2,1,2,5/17/2016,5/17/2016,1,991830,1,4,29,90,3,2,8,1,0,1,2,4,4,2,1,4,1,1,2,2,1,5,3,4,1,4,5,1,5,3,6 minutes, ,1,1,0,1,1,1,0,1,4,2,4,4,5,4,5,5,4,2,5,1,3,4,1,4,5,5,5,3,75,75,100,75,100,25,100,0,100,50,25,75,100,75,0,50,75,75,100,100
6,7,86.25,80,92.5,-1,3,3,2,3,3,2,2,2,75,87.5,-11.25,1.01267605088725,.914346410000911,.374910995077929,1.04139322031341,.69921887142869,1.11430480686411,.925936711622659,2,4,.165946617452742,1.63292826075687,.151732693919709,24,1,1,2,5/17/2016,5/17/2016,1,997964,1,8,29,30,3,2,8,3,0,1,1,2,5,2,1,4,1,1,1,4,1,4,3,5,4,4,5,1,5,5,4 minutes, ,0,1,0,1,1,1,1,1,5,4,5,4,5,4,5,5,5,4,5,2,3,5,4,4,5,5,5,5,100,100,100,75,100,75,100,75,100,100,75,75,100,100,25,50,100,75,100,100
6,7,81.25,77.5,85,-1,3,3,2,3,3,2,2,2,75,87.5,-6.25,1.01267605088725,.914346410000911,.374910995077929,.788196079040091,.567047003961336,.812700859961041,.925936711622659,3,3,.872184547542318,.766766313746703,.797478809903587,31,2,1,2,5/17/2016,5/17/2016,1,640007,1,4,29,10,3,2,8,3,27,1,1,2,4,2,2,5,2,2,2,4,1,3,3,5,4,4,5,1,5,4,10, ,1,1,0,1,1,1,1,0,5,4,4,4,4,5,4,4,4,4,5,3,3,5,4,4,5,5,5,4,100,75,75,100,75,75,100,75,100,75,75,75,75,75,50,50,100,75,100,100
6,7,90,95,85,-1,3,3,2,3,3,2,2,2,75,87.5,-15,1.01267605088725,.914346410000911,.374910995077929,1.2312910762684,1.49225007623281,.812700859961041,.925936711622659,3,3,.872184547542318,.766766313746703,.797478809903587,25,1,1,2,5/17/2016,5/17/2016,1,151275,1,4.5,29,20,3,2,8,3,27,1,1,1,5,1,1,5,1,1,1,5,1,2,4,5,2,5,5,1,5,2,5 minutes, ,0,1,1,1,1,1,1,0,5,5,5,5,5,5,5,5,5,5,5,4,4,5,2,5,5,5,5,2,100,100,100,100,100,100,100,25,100,25,100,100,100,100,75,75,100,100,100,100
6,8,80,85,75,-2,3,3,2,3,3,2,1,2,75,100,-5,1.01267605088725,1.5646216546586,-.114211296513806,.724896793721762,.963562606363398,.410562264090278,1.58445487837235,4,2,1.57842247763189,-.0993956332634614,2.46963398870274,33,1,1,2,5/17/2016,5/17/2016,1,493700,1,4,29,20,3,1,8,3,27,1,2,2,4,1,2,3,1,2,2,5,2,1,4,5,3,4,4,2,5,4,10 minutes, ,1,1,1,1,0,1,1,0,4,4,4,5,4,3,5,4,4,5,4,5,4,5,3,4,4,4,5,4,75,75,75,50,100,100,75,50,75,75,75,100,75,75,100,75,100,75,75,100
6,8,100,100,100,-2,3,3,2,3,3,2,1,2,75,100,-25,1.01267605088725,1.5646216546586,-.114211296513806,1.73768535881503,1.75659381116752,1.41590875376719,1.58445487837235,3,3,.872184547542318,.766766313746703,1.36463882994332,25,1,1,2,5/17/2016,5/17/2016,1,936154,1,9,29,20,3,2,8,3,27,1,1,1,5,1,1,5,1,1,1,5,1,1,5,5,5,5,5,1,5,5,12 minutes,No,0,1,1,1,1,1,1,0,5,5,5,5,5,5,5,5,5,5,5,5,5,5,5,5,5,5,5,5,100,100,100,100,100,100,100,100,100,100,100,100,100,100,100,100,100,100,100,100
5,4,71.25,57.5,85,1,4,4,2,2,3,1,2,2,62.5,50,-8.75,.546561139614382,-1.03647932397215,1.3531555782614,.281801796493456,-.490327935777497,.812700859961041,-.566499320496962,2,3,.165946617452742,.766766313746703,-.172000237872883,26,1,1,2,5/17/2016,5/17/2016,1,954484,1,4,15,10,3,2,8,1,0,1,1,3,4,3,1,4,1,3,2,4,2,4,3,3,4,4,4,2,4,5,6 minutes and 30 seconds,It would be nice to be shown the correct answers. I am curious!,1,0,0,1,1,1,0,1,5,3,4,3,5,4,5,3,4,4,4,2,3,3,4,4,4,4,4,5,100,75,100,75,100,75,75,75,75,100,50,50,50,75,25,50,50,75,75,75
6,4,37.5,57.5,17.5,2,4,4,2,3,3,1,2,1,75,50,37.5,1.01267605088725,-1.03647932397215,1.84227786985313,-1.42727890710143,-.490327935777497,-1.90173466216661,-1.04961778862641,3,3,.872184547542318,.766766313746703,-.904001250215616,34,2,1,2,5/17/2016,5/17/2016,1,128750,1,4,29,20,2,2,8,3,2,1,5,3,1,3,5,1,5,2,2,1,5,4,2,4,4,2,5,4,4,4,6 minutes,Word problems give me a headache and often show me that I'm not as smart as I think I am.,1,1,1,0,1,1,1,0,1,3,1,3,1,1,1,4,4,1,1,2,2,4,4,2,5,2,4,4,0,0,0,0,0,0,0,75,25,75,50,50,75,75,25,25,75,25,100,75
6,5,32.5,65,0,1,4,4,2,3,3,1,2,1,75,62.5,42.5,1.01267605088725,-.386204079314462,1.3531555782614,-1.68047604837475,-.0938123333754343,-2.60547720494045,-.391099621876717,3,3,.872184547542318,.766766313746703,-.336841230175882,26,2,1,2,5/17/2016,5/17/2016,1,630687,1,9,29,20,3,2,8,3,27,1,5,2,1,3,5,1,5,2,2,1,5,2,1,4,1,4,4,5,4,1,7 minutes,thanks,0,1,1,1,1,1,1,0,1,4,1,3,1,1,1,4,4,1,1,4,1,4,1,4,4,1,4,1,0,0,0,0,0,0,0,0,0,0,75,50,75,75,75,0,75,75,75,75
6,5,76.25,77.5,75,1,4,4,2,3,3,1,2,2,75,62.5,-1.25,1.01267605088725,-.386204079314462,1.3531555782614,.534998937766774,.567047003961336,.410562264090278,-.391099621876717,3,3,.872184547542318,.766766313746703,-.336841230175882,43,1,1,2,5/17/2016,5/17/2016,1,626269,1,3,29,20,3,1,8,3,0,1,2,2,4,2,2,4,1,2,2,4,3,2,3,4,4,5,4,2,5,4,6 minutes, ,0,1,1,1,0,1,1,1,4,4,4,4,4,4,5,4,4,4,3,4,3,4,4,5,4,4,5,4,75,75,75,75,100,75,50,75,75,75,75,75,75,75,75,50,75,100,75,100
7,7,53.75,52.5,55,0,3,3,2,3,4,2,2,1,87.5,87.5,33.75,1.47879096216012,.914346410000911,.864033286669664,-.604388197963154,-.754671670712205,-.393714927651249,1.3521272073929,3,4,.872184547542318,1.63292826075687,.797478809903587,40,2,1,2,5/17/2016,5/17/2016,1,988585,1,9,29,20,3,2,8,3,0,1,3,3,3,3,3,3,3,3,4,3,3,3,3,3,4,4,3,3,4,4,7 minutes,Thanks and have a nice day :),0,1,1,1,1,1,1,1,3,3,3,3,3,3,3,3,2,3,3,3,3,3,4,4,3,3,4,4,50,50,50,50,50,50,50,75,50,75,50,50,50,25,50,50,50,75,50,75
7,7,81.25,87.5,75,0,3,3,2,3,4,2,2,2,87.5,87.5,6.25,1.47879096216012,.914346410000911,.864033286669664,.788196079040091,1.09573447383075,.410562264090278,1.3521272073929,4,3,1.57842247763189,.766766313746703,1.44322492588746,24,1,1,2,5/17/2016,5/17/2016,1,780112,1,4,29,20,3,2,8,3,27,1,2,2,5,2,2,5,2,1,2,3,2,1,4,4,4,5,5,4,5,5,5 minutes,No,1,1,1,1,1,1,1,0,4,4,5,4,4,5,4,5,4,3,4,5,4,4,4,5,5,2,5,5,75,100,75,100,75,50,75,75,25,100,75,75,100,75,100,75,75,100,100,100
7,7,96.25,95,97.5,0,3,3,2,3,4,2,2,2,87.5,87.5,-8.75,1.47879096216012,.914346410000911,.864033286669664,1.54778750286004,1.49225007623281,1.3153741047995,1.3521272073929,4,3,1.57842247763189,.766766313746703,1.44322492588746,34,1,1,2,5/17/2016,5/17/2016,1,248952,1,4,29,20,3,2,8,3,27,1,1,1,5,1,1,5,1,1,1,4,1,1,3,5,5,5,5,1,5,5,9 minutes, ,1,1,1,1,1,1,1,0,5,5,5,5,5,5,5,5,5,4,5,5,3,5,5,5,5,5,5,5,100,100,100,100,100,75,100,100,100,100,100,100,100,100,100,50,100,100,100,100
7,7,76.25,80,72.5,0,3,3,2,3,4,2,2,2,87.5,87.5,11.25,1.47879096216012,.914346410000911,.864033286669664,.534998937766774,.69921887142869,.310027615122587,1.3521272073929,4,3,1.57842247763189,.766766313746703,1.44322492588746,29,1,1,2,5/17/2016,5/17/2016,1,336168,1,4,29,20,3,2,8,3,27,1,2,2,4,2,2,4,2,1,2,4,2,2,5,4,3,4,4,2,4,4,5 minutes, ,1,1,1,1,1,1,1,0,4,4,4,4,4,4,4,5,4,4,4,4,5,4,3,4,4,4,4,4,75,75,75,75,75,75,75,50,75,75,75,75,100,75,75,100,75,75,75,75
7,7,75,72.5,77.5,0,3,3,2,3,4,2,2,2,87.5,87.5,12.5,1.47879096216012,.914346410000911,.864033286669664,.471699652448444,.302703269026628,.511096913057969,1.3521272073929,4,3,1.57842247763189,.766766313746703,1.44322492588746,22,2,1,2,5/17/2016,5/17/2016,1,211865,1,4,29,20,3,2,8,3,27,1,2,3,4,2,2,4,2,2,2,3,1,4,4,5,4,4,5,2,4,5,15 minutes or so I think. I'm not sure. I don't keep track of my time., ,1,1,1,1,1,1,1,0,4,3,4,4,4,4,4,4,4,3,5,2,4,5,4,4,5,4,4,5,75,75,75,75,75,50,100,75,75,100,50,75,75,75,25,75,100,75,100,75
7,7,77.5,67.5,87.5,0,3,3,2,3,4,2,2,2,87.5,87.5,10,1.47879096216012,.914346410000911,.864033286669664,.598298223085103,.0383595340919197,.913235508928732,1.3521272073929,4,3,1.57842247763189,.766766313746703,1.44322492588746,26,2,1,2,5/17/2016,5/17/2016,1,252482,1,4,29,20,3,2,8,3,27,1,1,2,5,1,1,4,1,1,4,4,1,2,4,4,4,2,3,2,4,4,6 minutes,No,1,1,1,1,1,1,1,0,5,4,5,5,5,4,5,5,2,4,5,4,4,4,4,2,3,4,4,4,100,100,100,75,100,75,100,75,75,75,75,100,100,25,75,75,75,25,50,75
7,7,82.5,90,75,0,3,3,2,3,4,2,2,2,87.5,87.5,5,1.47879096216012,.914346410000911,.864033286669664,.85149536435842,1.22790634129811,.410562264090278,1.3521272073929,4,3,1.57842247763189,.766766313746703,1.44322492588746,28,1,1,2,5/17/2016,5/17/2016,1,852717,1,4,29,20,3,2,8,3,27,1,2,2,4,2,2,4,2,1,2,4,2,2,5,5,4,5,5,2,5,4,5 minutes,no,1,1,1,1,1,1,1,0,4,4,4,4,4,4,4,5,4,4,4,4,5,5,4,5,5,4,5,4,75,75,75,75,75,75,75,75,75,75,75,75,100,75,75,100,100,100,100,100
7,7,88.75,92.5,85,0,3,3,2,3,4,2,2,2,87.5,87.5,-1.25,1.47879096216012,.914346410000911,.864033286669664,1.16799179095007,1.36007820876546,.812700859961041,1.3521272073929,4,3,1.57842247763189,.766766313746703,1.44322492588746,32,1,1,2,5/17/2016,5/17/2016,1,150445,1,4,29,20,3,2,8,3,3,1,1,1,5,2,1,4,3,1,2,5,1,1,5,5,3,4,5,2,5,5,8 minutes, ,1,1,1,1,1,1,1,0,5,5,5,4,5,4,3,5,4,5,5,5,5,5,3,4,5,4,5,5,100,100,100,75,50,100,100,50,75,100,100,75,100,75,100,100,100,75,100,100
7,7,80,90,70,0,3,3,2,3,4,2,2,2,87.5,87.5,7.5,1.47879096216012,.914346410000911,.864033286669664,.724896793721762,1.22790634129811,.209492966154896,1.3521272073929,4,3,1.57842247763189,.766766313746703,1.44322492588746,27,2,1,2,5/17/2016,5/17/2016,1,146194,1,4,29,20,3,2,8,3,81,1,1,2,4,2,2,3,2,1,1,3,2,1,3,5,3,5,5,1,5,3,5.5 minutes,none,1,1,1,1,1,1,1,0,5,4,4,4,4,3,4,5,5,3,4,5,3,5,3,5,5,5,5,3,100,75,75,50,75,50,75,50,100,50,75,75,100,100,100,50,100,100,100,100
7,8,86.25,90,82.5,-1,3,3,2,3,4,2,2,2,87.5,100,1.25,1.47879096216012,1.5646216546586,.374910995077929,1.04139322031341,1.22790634129811,.712166210993351,2.31374836210915,3,4,.872184547542318,1.63292826075687,1.36463882994332,42,1,1,2,5/17/2016,5/17/2016,1,123684,1,4,29,30,3,2,8,3,0,1,1,1,5,1,1,5,1,1,1,4,1,2,4,4,4,5,5,5,4,4,10 minutes,none,1,1,0,1,1,1,1,1,5,5,5,5,5,5,5,5,5,4,5,4,4,4,4,5,5,1,4,4,100,100,100,100,100,75,100,75,0,75,100,100,100,100,75,75,75,100,100,75
7,8,86.25,85,87.5,-1,3,3,2,3,4,2,2,2,87.5,100,1.25,1.47879096216012,1.5646216546586,.374910995077929,1.04139322031341,.963562606363398,.913235508928732,2.31374836210915,4,3,1.57842247763189,.766766313746703,2.46963398870274,25,1,1,2,5/17/2016,5/17/2016,1,671135,1,4,29,20,3,2,8,3,27,1,1,1,4,1,1,4,1,1,1,4,1,1,4,4,4,4,4,1,3,4,4 minutes,Fun problems!,1,1,1,1,1,1,1,0,5,5,4,5,5,4,5,5,5,4,5,5,4,4,4,4,4,5,3,4,100,75,100,75,100,75,100,75,100,75,100,100,100,100,100,75,75,75,75,50
8,8,91.25,85,97.5,0,3,3,2,3,4,2,2,2,100,100,8.75,1.944905873433,1.5646216546586,.864033286669664,1.29459036158673,.963562606363398,1.3153741047995,3.04304184584596,4,4,1.57842247763189,1.63292826075687,2.46963398870274,32,2,1,2,5/17/2016,5/17/2016,1,197869,1,4,29,20,3,2,8,3,0,1,1,2,5,1,1,5,1,1,1,4,1,3,4,5,5,5,4,1,4,5,2.5 minutes,no,1,1,1,1,1,1,1,1,5,4,5,5,5,5,5,5,5,4,5,3,4,5,5,5,4,5,4,5,100,100,100,100,100,75,100,100,100,100,75,100,100,100,50,75,100,100,75,75
8,8,70,70,70,0,3,3,2,3,4,2,2,2,100,100,30,1.944905873433,1.5646216546586,.864033286669664,.218502511175127,.170531401559274,.209492966154896,3.04304184584596,4,4,1.57842247763189,1.63292826075687,2.46963398870274,26,1,1,2,5/17/2016,5/17/2016,1,14238,1,4,29,20,3,2,8,3,0,1,3,2,4,2,3,4,2,2,4,4,2,2,4,4,4,4,4,2,4,4,5 minutes,"No, thanks, and I hope I can be of help.",1,1,1,1,1,1,1,1,3,4,4,4,3,4,4,4,2,4,4,4,4,4,4,4,4,4,4,4,50,75,50,75,75,75,75,75,75,75,75,75,75,25,75,75,75,75,75,75
8,8,82.5,77.5,87.5,0,3,3,2,3,4,2,2,2,100,100,17.5,1.944905873433,1.5646216546586,.864033286669664,.85149536435842,.567047003961336,.913235508928732,3.04304184584596,4,4,1.57842247763189,1.63292826075687,2.46963398870274,31,1,1,2,5/17/2016,5/17/2016,1,635219,1,4,29,20,3,2,8,3,0,1,1,2,4,2,1,4,2,2,2,5,2,2,4,4,4,5,4,1,4,5,12 minutes,"none, thank yoiu",1,1,1,1,1,1,1,1,5,4,4,4,5,4,4,4,4,5,4,4,4,4,4,5,4,5,4,5,100,75,100,75,75,100,75,75,100,100,75,75,75,75,75,75,75,100,75,75
7,4,67.5,60,75,3,4,4,2,3,4,1,2,1,87.5,50,20,1.47879096216012,-1.03647932397215,2.33140016144487,.0919039405384685,-.358156068310142,.410562264090278,-1.53273625675585,3,4,.872184547542318,1.63292826075687,-.904001250215616,33,1,1,2,5/17/2016,5/17/2016,1,100129,1,4,29,20,2,2,8,3,0,1,2,4,4,3,2,4,2,2,3,4,2,3,3,3,5,5,4,4,4,5,11, ,1,1,1,0,1,1,1,1,4,2,4,3,4,4,4,4,3,4,4,3,3,3,5,5,4,2,4,5,75,75,75,75,75,75,75,100,25,100,25,50,75,50,50,50,50,100,75,75
7,5,62.5,65,60,2,4,4,2,3,4,1,2,1,87.5,62.5,25,1.47879096216012,-.386204079314462,1.84227786985313,-.161293200734849,-.0938123333754343,-.192645629715867,-.571115102039598,4,3,1.57842247763189,.766766313746703,-.609593199743078,33,1,1,2,5/17/2016,5/17/2016,1,884472,1,4,29,20,3,2,8,3,3,1,2,3,4,3,3,3,3,2,3,3,2,3,3,4,5,4,4,4,5,3,10 minutes,No comments,1,1,1,1,1,1,1,0,4,3,4,3,3,3,3,4,3,3,4,3,3,4,5,4,4,2,5,3,75,75,50,50,50,50,75,100,25,50,50,50,75,50,50,50,75,75,75,100
7,5,26.25,27.5,25,2,4,4,2,3,4,1,2,1,87.5,62.5,61.25,1.47879096216012,-.386204079314462,1.84227786985313,-1.9969724749664,-2.07639034538575,-1.60013071526354,-.571115102039598,4,3,1.57842247763189,.766766313746703,-.609593199743078,48,2,1,2,5/17/2016,5/17/2016,1,637026,1,4,29,20,3,2,8,3,9,1,4,4,2,4,4,2,4,4,4,2,4,4,2,3,2,2,2,4,2,2,5 min, ,1,1,1,1,1,1,1,0,2,2,2,2,2,2,2,2,2,2,2,2,2,3,2,2,2,2,2,2,25,25,25,25,25,25,25,25,25,25,25,25,25,25,25,25,50,25,25,25
7,5,75,77.5,72.5,2,4,4,2,3,4,1,2,2,87.5,62.5,12.5,1.47879096216012,-.386204079314462,1.84227786985313,.471699652448444,.567047003961336,.310027615122587,-.571115102039598,4,3,1.57842247763189,.766766313746703,-.609593199743078,38,2,1,2,5/17/2016,5/17/2016,1,578494,1,4,29,20,3,2,8,3,27,1,2,2,4,2,2,4,2,2,2,4,2,4,4,4,3,5,5,2,5,4,11 minutes,Thank you!,1,1,1,1,1,1,1,0,4,4,4,4,4,4,4,4,4,4,4,2,4,4,3,5,5,4,5,4,75,75,75,75,75,75,75,50,75,75,75,75,75,75,25,75,75,100,100,100
7,6,40,55,25,1,4,4,2,3,4,2,2,1,87.5,75,47.5,1.47879096216012,.264071165343224,1.3531555782614,-1.30068033646478,-.622499803244851,-1.60013071526354,.390506052676652,4,3,1.57842247763189,.766766313746703,.416815863072194,29,1,1,2,5/17/2016,5/17/2016,1,220423,1,4,29,20,3,2,8,3,27,1,4,3,2,2,4,2,4,2,2,1,4,5,3,3,2,3,3,3,4,2,7 minutes, ,1,1,1,1,1,1,1,0,2,3,2,4,2,2,2,4,4,1,2,1,3,3,2,3,3,3,4,2,25,25,25,25,25,0,25,25,50,25,50,75,75,75,0,50,50,50,50,75
7,6,66.25,52.5,80,1,4,4,2,3,4,2,2,1,87.5,75,21.25,1.47879096216012,.264071165343224,1.3531555782614,.0286046552201392,-.754671670712205,.61163156202566,.390506052676652,4,3,1.57842247763189,.766766313746703,.416815863072194,23,2,1,2,5/17/2016,5/17/2016,1,748610,1,4,29,20,3,2,8,3,3,1,2,3,4,3,2,5,1,2,3,4,2,4,3,3,4,3,4,3,3,5,10 minutes, ,1,1,1,1,1,1,1,0,4,3,4,3,4,5,5,4,3,4,4,2,3,3,4,3,4,3,3,5,75,75,75,100,100,75,75,75,50,100,50,50,75,50,25,50,50,50,75,50
7,6,98.75,97.5,100,1,4,4,2,3,4,2,2,2,87.5,75,-11.25,1.47879096216012,.264071165343224,1.3531555782614,1.6743860734967,1.62442194370017,1.41590875376719,.390506052676652,3,4,.872184547542318,1.63292826075687,.230318789863853,39,1,1,2,5/17/2016,5/17/2016,1,879802,1,4,29,20,2,2,8,3,0,1,1,1,5,1,1,5,1,1,1,5,1,1,4,5,5,5,5,1,5,5,15 minutes,n/a,1,1,1,0,1,1,1,1,5,5,5,5,5,5,5,5,5,5,5,5,4,5,5,5,5,5,5,5,100,100,100,100,100,100,100,100,100,100,100,100,100,100,100,75,100,100,100,100
7,6,97.5,95,100,1,4,4,2,3,4,2,2,2,87.5,75,-10,1.47879096216012,.264071165343224,1.3531555782614,1.61108678817837,1.49225007623281,1.41590875376719,.390506052676652,3,4,.872184547542318,1.63292826075687,.230318789863853,26,2,1,2,5/17/2016,5/17/2016,1,920469,1,12,29,20,3,2,8,3,0,1,1,1,5,1,1,5,1,1,1,5,1,2,5,5,5,5,4,1,5,5,~15 minutes,"Interesting, engaging, intellectually stimulating, and enjoyable study.",0,1,1,1,1,1,1,1,5,5,5,5,5,5,5,5,5,5,5,4,5,5,5,5,4,5,5,5,100,100,100,100,100,100,100,100,100,100,100,100,100,100,75,100,100,100,75,100
7,6,73.75,80,67.5,1,4,4,2,3,4,2,2,2,87.5,75,13.75,1.47879096216012,.264071165343224,1.3531555782614,.408400367130115,.69921887142869,.108958317187206,.390506052676652,3,4,.872184547542318,1.63292826075687,.230318789863853,40,2,1,2,5/17/2016,5/17/2016,1,970980,1,4,30,20,3,2,8,3,0,1,2,1,4,2,2,4,2,2,2,3,3,1,3,5,3,4,4,2,4,4,7 or 8 minutes?, ,1,0,1,1,1,1,1,1,4,5,4,4,4,4,4,4,4,3,3,5,3,5,3,4,4,4,4,4,75,75,75,75,75,50,50,50,75,75,100,75,75,75,100,50,100,75,75,75
7,6,86.25,80,92.5,1,4,4,2,3,4,2,2,2,87.5,75,1.25,1.47879096216012,.264071165343224,1.3531555782614,1.04139322031341,.69921887142869,1.11430480686411,.390506052676652,4,3,1.57842247763189,.766766313746703,.416815863072194,31,2,1,2,5/17/2016,5/17/2016,1,898225,1,4,29,20,3,2,8,3,27,1,1,2,4,3,1,5,1,1,3,4,1,1,4,4,4,5,4,1,5,5,12 minutes, ,1,1,1,1,1,1,1,0,5,4,4,3,5,5,5,5,3,4,5,5,4,4,4,5,4,5,5,5,100,75,100,100,100,75,100,75,100,100,75,50,100,50,100,75,75,100,75,100
7,6,73.75,75,72.5,1,4,4,2,3,4,2,2,2,87.5,75,13.75,1.47879096216012,.264071165343224,1.3531555782614,.408400367130115,.434875136493982,.310027615122587,.390506052676652,4,3,1.57842247763189,.766766313746703,.416815863072194,22,2,1,2,5/17/2016,5/17/2016,1,770161,1,4,29,20,3,2,8,3,27,1,2,2,4,2,2,4,2,2,2,4,3,2,4,4,4,4,4,2,4,4,8 minutes, ,1,1,1,1,1,1,1,0,4,4,4,4,4,4,4,4,4,4,3,4,4,4,4,4,4,4,4,4,75,75,75,75,75,75,50,75,75,75,75,75,75,75,75,75,75,75,75,75
8,1,27.5,30,25,7,4,4,2,3,4,1,2,1,100,12.5,72.5,1.944905873433,-2.98730505794521,4.28788932781181,-1.93367318964807,-1.94421847791839,-1.60013071526354,-5.81002715293373,4,4,1.57842247763189,1.63292826075687,-4.71522945100416,26,1,1,2,5/17/2016,5/17/2016,1,333232,1,4,29,20,3,2,8,3,0,1,4,4,2,4,4,2,4,4,4,2,4,4,2,2,2,2,4,4,2,2,8 minutes,None,1,1,1,1,1,1,1,1,2,2,2,2,2,2,2,2,2,2,2,2,2,2,2,2,4,2,2,2,25,25,25,25,25,25,25,25,25,25,25,25,25,25,25,25,25,25,75,25
8,6,67.5,72.5,62.5,2,4,4,2,3,4,2,2,1,100,75,32.5,1.944905873433,.264071165343224,1.84227786985313,.0919039405384685,.302703269026628,-.0921109807481761,.513593560480332,4,4,1.57842247763189,1.63292826075687,.416815863072194,29,1,1,2,5/17/2016,5/17/2016,1,453468,1,4,29,20,3,2,8,3,0,1,3,3,4,2,4,4,2,2,2,3,2,2,4,4,4,4,4,3,4,4,10 minutes, ,1,1,1,1,1,1,1,1,3,3,4,4,2,4,4,4,4,3,4,4,4,4,4,4,4,3,4,4,50,75,25,75,75,50,75,75,50,75,50,75,75,75,75,75,75,75,75,75
8,7,85,82.5,87.5,1,4,4,2,3,4,2,2,2,100,87.5,15,1.944905873433,.914346410000911,1.3531555782614,.978093934995079,.831390738896044,.913235508928732,1.77831770316314,4,4,1.57842247763189,1.63292826075687,1.44322492588746,30,1,1,2,5/17/2016,5/17/2016,1,637965,1,4,29,20,3,2,8,3,0,1,1,2,4,1,1,4,1,1,2,5,2,2,4,5,4,4,4,1,4,4,6 minutes,So many brain teasers!,1,1,1,1,1,1,1,1,5,4,4,5,5,4,5,5,4,5,4,4,4,5,4,4,4,5,4,4,100,75,100,75,100,100,75,75,100,75,75,100,100,75,75,75,100,75,75,75
8,7,93.75,87.5,100,1,4,4,2,3,4,2,2,2,100,87.5,6.25,1.944905873433,.914346410000911,1.3531555782614,1.42118893222338,1.09573447383075,1.41590875376719,1.77831770316314,4,4,1.57842247763189,1.63292826075687,1.44322492588746,35,2,1,2,5/17/2016,5/17/2016,1,892024,1,4,29,20,3,2,8,3,0,1,1,1,5,4,1,5,1,1,1,5,1,1,4,4,5,5,5,1,5,5,12 minutes,"Good study, thank you.",1,1,1,1,1,1,1,1,5,5,5,2,5,5,5,5,5,5,5,5,4,4,5,5,5,5,5,5,100,100,100,100,100,100,100,100,100,100,100,25,100,100,100,75,75,100,100,100
8,7,78.75,77.5,80,1,4,4,2,3,4,2,2,2,100,87.5,21.25,1.944905873433,.914346410000911,1.3531555782614,.661597508403432,.567047003961336,.61163156202566,1.77831770316314,4,4,1.57842247763189,1.63292826075687,1.44322492588746,34,1,1,2,5/17/2016,5/17/2016,1,84064,1,4,29,20,3,2,8,3,0,1,2,2,5,2,2,4,2,1,2,4,2,2,4,4,4,4,4,1,4,4,7 minutes,N/A,1,1,1,1,1,1,1,1,4,4,5,4,4,4,4,5,4,4,4,4,4,4,4,4,4,5,4,4,75,100,75,75,75,75,75,75,100,75,75,75,100,75,75,75,75,75,75,75
